,Ramsey,Carver,Anoka,Olmsted,Dakota,Hennepin,Stearns,Wright,Renville,Waseca,Washington,Benton,Blue Earth,Martin,Nicollet,Rice,Mower,Scott,Chisago,Clay,Fillmore,Dodge,Jackson,St. Louis,Steele,Unknown,Wabasha,Le Sueur,Big Stone,Cass,Lac qui Parle,Sherburne,Goodhue,Winona,Kandiyohi,Sibley,Wilkin,Beltrami,Faribault,Lincoln,Mahnomen,Clearwater,Cottonwood,Douglas,Isanti,Otter Tail,Itasca,Meeker,Watonwan,Brown,Carlton,Lyon,Traverse,Crow Wing,Freeborn,Yellow Medicine,Koochiching,McLeod,Polk,Houston,Pipestone,Murray,Redwood,Roseau,Swift,Pine,Nobles,Becker,Red Lake,Rock,Todd,Norman,Mille Lacs,Aitkin,Kittson,Marshall,Morrison,Chippewa,Pennington,Wadena,Kanabec,Grant,Pope,Lake,Hubbard,Stevens,Cook
2020-03-06,1,,,,,,,,,,,,,,,,,,,,,,,,,,,,,,,,,,,,,,,,,,,,,,,,,,,,,,,,,,,,,,,,,,,,,,,,,,,,,,,,,,,,,,
2020-03-07,1,,,,,,,,,,,,,,,,,,,,,,,,,,,,,,,,,,,,,,,,,,,,,,,,,,,,,,,,,,,,,,,,,,,,,,,,,,,,,,,,,,,,,,
2020-03-08,1,1,,,,,,,,,,,,,,,,,,,,,,,,,,,,,,,,,,,,,,,,,,,,,,,,,,,,,,,,,,,,,,,,,,,,,,,,,,,,,,,,,,,,,
2020-03-09,1,1,,,,,,,,,,,,,,,,,,,,,,,,,,,,,,,,,,,,,,,,,,,,,,,,,,,,,,,,,,,,,,,,,,,,,,,,,,,,,,,,,,,,,
2020-03-10,1,1,1,,,,,,,,,,,,,,,,,,,,,,,,,,,,,,,,,,,,,,,,,,,,,,,,,,,,,,,,,,,,,,,,,,,,,,,,,,,,,,,,,,,,
2020-03-11,2,1,1,1,,,,,,,,,,,,,,,,,,,,,,,,,,,,,,,,,,,,,,,,,,,,,,,,,,,,,,,,,,,,,,,,,,,,,,,,,,,,,,,,,,,
2020-03-12,2,1,1,1,1,1,2,,,,,,,,,,,,,,,,,,,,,,,,,,,,,,,,,,,,,,,,,,,,,,,,,,,,,,,,,,,,,,,,,,,,,,,,,,,,,,,,
2020-03-13,3,1,1,1,2,3,2,1,,,,,,,,,,,,,,,,,,,,,,,,,,,,,,,,,,,,,,,,,,,,,,,,,,,,,,,,,,,,,,,,,,,,,,,,,,,,,,,
2020-03-14,4,1,2,1,2,6,3,1,1,,,,,,,,,,,,,,,,,,,,,,,,,,,,,,,,,,,,,,,,,,,,,,,,,,,,,,,,,,,,,,,,,,,,,,,,,,,,,,
2020-03-15,8,1,2,2,3,12,3,1,1,1,1,,,,,,,,,,,,,,,,,,,,,,,,,,,,,,,,,,,,,,,,,,,,,,,,,,,,,,,,,,,,,,,,,,,,,,,,,,,,
2020-03-16,8,1,3,3,4,26,3,1,1,1,1,1,1,,,,,,,,,,,,,,,,,,,,,,,,,,,,,,,,,,,,,,,,,,,,,,,,,,,,,,,,,,,,,,,,,,,,,,,,,,
2020-03-17,8,1,3,3,7,26,3,1,1,1,1,1,1,2,1,,,,,,,,,,,,,,,,,,,,,,,,,,,,,,,,,,,,,,,,,,,,,,,,,,,,,,,,,,,,,,,,,,,,,,,,
2020-03-18,8,2,3,6,7,33,3,1,1,1,3,1,2,3,2,1,,,,,,,,,,,,,,,,,,,,,,,,,,,,,,,,,,,,,,,,,,,,,,,,,,,,,,,,,,,,,,,,,,,,,,,
2020-03-19,12,3,5,6,7,33,4,2,1,2,3,1,2,3,2,1,1,1,,,,,,,,,,,,,,,,,,,,,,,,,,,,,,,,,,,,,,,,,,,,,,,,,,,,,,,,,,,,,,,,,,,,,
2020-03-20,16,3,5,11,7,44,4,2,1,2,3,1,2,4,2,1,1,2,1,1,2,,,,,,,,,,,,,,,,,,,,,,,,,,,,,,,,,,,,,,,,,,,,,,,,,,,,,,,,,,,,,,,,,,
2020-03-21,17,3,5,12,7,52,4,3,1,2,4,1,3,5,2,1,3,2,1,1,2,1,1,1,2,1,1,,,,,,,,,,,,,,,,,,,,,,,,,,,,,,,,,,,,,,,,,,,,,,,,,,,,,,,,,,,,
2020-03-22,18,8,5,14,11,57,4,3,1,2,7,1,4,8,3,1,6,3,1,2,2,2,1,1,3,1,1,1,,,,,,,,,,,,,,,,,,,,,,,,,,,,,,,,,,,,,,,,,,,,,,,,,,,,,,,,,,,
2020-03-23,24,8,7,16,18,89,5,3,1,2,10,1,5,8,3,2,6,5,2,2,3,2,1,2,3,1,1,1,1,1,1,1,,,,,,,,,,,,,,,,,,,,,,,,,,,,,,,,,,,,,,,,,,,,,,,,,,,,,,,
2020-03-24,26,8,7,18,21,103,5,3,1,2,10,1,5,8,3,2,6,5,2,3,3,3,1,2,5,1,1,5,1,1,1,1,,,,,,,,,,,,,,,,,,,,,,,,,,,,,,,,,,,,,,,,,,,,,,,,,,,,,,,
2020-03-25,27,8,7,21,21,111,5,3,1,2,13,1,5,10,3,2,6,6,2,3,3,3,1,3,5,1,3,6,1,1,1,1,1,2,,,,,,,,,,,,,,,,,,,,,,,,,,,,,,,,,,,,,,,,,,,,,,,,,,,,,
2020-03-26,32,8,8,29,25,128,5,5,1,2,15,1,6,12,3,2,10,6,2,4,3,5,1,5,5,1,4,6,1,1,1,1,1,4,1,1,1,,,,,,,,,,,,,,,,,,,,,,,,,,,,,,,,,,,,,,,,,,,,,,,,,,
2020-03-27,34,8,10,34,28,141,5,5,1,3,22,1,7,18,3,2,10,7,2,4,3,5,1,5,5,1,4,10,1,1,1,3,2,4,1,1,1,1,1,1,1,,,,,,,,,,,,,,,,,,,,,,,,,,,,,,,,,,,,,,,,,,,,,,
2020-03-28,42,9,12,37,33,152,5,5,1,3,25,1,7,19,3,3,11,8,2,4,5,6,1,5,5,,4,11,1,1,1,5,2,4,1,1,1,2,1,1,1,1,,,,,,,,,,,,,,,,,,,,,,,,,,,,,,,,,,,,,,,,,,,,,
2020-03-29,46,9,17,47,39,171,5,6,1,3,27,1,8,21,3,3,11,9,2,4,6,7,1,10,5,,4,11,1,1,1,5,2,4,1,1,1,2,1,1,1,1,1,1,1,1,,,,,,,,,,,,,,,,,,,,,,,,,,,,,,,,,,,,,,,,,
2020-03-30,50,10,22,51,46,190,5,6,1,3,34,1,9,23,3,3,12,10,3,4,7,8,1,12,6,,6,13,1,1,1,7,3,5,1,1,1,3,1,1,1,2,1,1,2,1,1,1,1,,,,,,,,,,,,,,,,,,,,,,,,,,,,,,,,,,,,,,
2020-03-31,56,10,23,53,47,204,5,6,1,3,39,1,9,25,3,3,13,10,3,6,8,8,1,12,6,0,6,15,1,1,1,8,3,10,2,1,1,4,2,1,1,2,2,1,2,1,1,1,1,2,1,1,2,,,,,,,,,,,,,,,,,,,,,,,,,,,,,,,,,,
2020-04-01,66,10,26,61,48,218,5,6,1,3,44,1,9,29,3,4,14,10,3,7,8,10,1,13,6,0,6,15,1,1,1,8,4,10,2,1,1,4,2,1,1,2,3,1,2,1,1,1,2,2,2,2,2,1,2,1,,,,,,,,,,,,,,,,,,,,,,,,,,,,,,,
2020-04-02,67,10,30,66,52,235,5,7,2,3,46,1,10,29,3,3,15,10,3,8,9,10,1,13,6,0,6,18,1,1,1,8,4,11,2,1,1,4,2,1,1,2,5,1,2,1,2,1,3,2,3,3,2,2,5,1,1,,,,,,,,,,,,,,,,,,,,,,,,,,,,,,
2020-04-03,71,11,34,76,54,242,5,7,2,3,51,1,10,32,3,3,15,11,4,8,9,10,1,13,6,0,6,19,1,1,1,8,5,11,2,1,2,4,3,1,1,2,5,1,2,1,2,1,3,2,5,3,2,3,7,1,1,,,,,,,,,,,,,,,,,,,,,,,,,,,,,,
2020-04-04,79,10,36,88,56,252,6,8,2,3,54,1,14,32,4,4,17,12,4,13,9,10,1,13,8,2,6,20,1,1,1,9,8,13,2,1,2,5,3,1,1,2,5,1,3,1,2,1,3,3,8,3,2,5,10,1,1,1,1,,,,,,,,,,,,,,,,,,,,,,,,,,,,
2020-04-05,91,10,36,95,63,267,6,9,2,3,62,1,15,32,4,4,17,13,4,13,10,10,1,15,8,7,6,20,1,1,1,10,10,14,2,1,2,6,3,1,1,2,5,1,4,1,2,1,4,3,8,3,2,6,10,1,1,1,1,1,1,,,,,,,,,,,,,,,,,,,,,,,,,,
2020-04-06,96,10,40,96,67,280,6,9,2,3,65,1,16,33,4,4,17,15,5,19,10,10,1,16,8,6,6,20,1,1,1,10,10,14,2,1,2,6,3,2,1,2,5,1,4,2,2,1,4,5,10,4,2,6,11,1,1,1,1,1,1,1,1,,,,,,,,,,,,,,,,,,,,,,,,
2020-04-07,101,10,42,103,71,310,6,12,2,3,68,1,22,34,4,4,18,16,5,19,10,11,1,17,8,5,6,20,1,3,1,10,12,16,2,1,2,6,3,2,1,2,5,1,4,2,2,1,4,7,13,4,2,9,14,1,1,1,1,1,1,1,1,1,1,,,,,,,,,,,,,,,,,,,,,,
2020-04-08,112,10,46,108,75,344,7,12,2,3,70,1,21,34,5,4,18,17,5,20,10,13,1,28,8,4,6,20,1,3,1,9,13,19,2,1,2,6,3,2,1,2,5,1,4,2,2,1,4,7,14,4,2,10,17,2,1,1,1,1,1,1,1,1,1,1,,,,,,,,,,,,,,,,,,,,,
2020-04-09,121,10,53,114,79,375,7,12,2,3,72,1,22,35,5,4,20,19,5,23,10,13,1,33,8,2,6,20,1,3,1,9,14,20,2,1,5,5,4,2,1,2,5,1,4,3,2,2,4,7,15,5,2,13,20,2,1,2,1,1,1,1,1,1,1,2,,,,,,,,,,,,,,,,,,,,,
2020-04-10,124,12,55,126,85,415,7,14,2,3,73,1,22,36,6,4,22,19,6,29,10,14,1,34,9,,6,20,1,3,1,9,14,26,2,1,6,5,4,2,1,2,5,1,4,3,2,2,4,7,18,5,2,13,21,2,1,2,1,1,1,1,1,1,1,3,1,,,,,,,,,,,,,,,,,,,,
2020-04-11,132,12,58,132,87,464,7,16,3,3,77,1,22,37,6,4,23,20,6,29,10,15,1,37,9,3,6,20,1,3,1,9,16,26,2,1,7,5,4,2,1,2,5,1,4,4,2,2,4,7,19,5,2,13,22,2,1,2,1,1,1,1,1,1,1,3,1,1,,,,,,,,,,,,,,,,,,,
2020-04-12,152,13,68,143,95,557,7,17,3,3,80,1,22,38,6,4,25,20,7,40,10,16,1,38,9,5,6,21,1,4,1,9,17,30,2,1,7,5,4,2,1,2,6,1,4,4,2,2,4,7,25,5,2,16,24,3,1,2,1,1,1,1,1,1,1,5,1,2,1,2,2,,,,,,,,,,,,,,,,
2020-04-13,152,13,68,143,95,557,7,17,3,3,80,1,22,38,6,4,25,20,7,40,10,16,1,38,9,34,6,21,1,4,1,9,17,30,2,1,7,5,4,2,1,2,6,1,4,4,2,2,4,7,25,5,2,16,24,3,1,2,1,1,1,1,1,1,1,5,1,2,1,2,2,,,,,,,,,,,,,,,,
2020-04-14,153,13,72,147,103,588,7,19,3,3,84,1,22,39,7,5,24,20,7,42,10,16,1,42,9,6,7,21,1,4,1,10,17,30,2,1,7,5,4,2,1,3,6,1,4,4,2,2,4,7,26,5,2,17,27,3,1,2,1,1,1,1,1,1,1,6,3,2,1,2,2,,,,,,,,,,,,,,,,
2020-04-15,164,14,76,153,103,651,7,21,3,3,88,1,23,39,7,5,25,20,7,43,10,16,1,43,9,1,7,21,1,4,1,11,17,51,2,1,7,5,4,2,1,3,6,1,4,4,2,3,4,7,27,5,2,17,27,3,1,2,1,1,1,1,1,1,1,6,2,2,1,2,2,1,,,,,,,,,,,,,,,
2020-04-16,177,14,79,163,103,706,11,21,3,3,91,1,22,39,7,6,25,20,7,43,10,16,1,44,9,,7,22,1,4,1,12,17,54,2,1,7,5,4,2,1,3,6,1,4,4,2,3,4,7,29,5,2,17,29,3,1,2,2,1,1,2,1,1,1,8,2,2,1,3,2,1,1,,,,,,,,,,,,,,
2020-04-17,178,14,83,174,110,806,14,23,3,3,92,4,23,39,7,6,25,23,7,44,10,17,1,45,9,1,8,22,1,4,1,12,18,56,2,1,7,5,4,2,1,3,6,1,4,4,2,3,4,7,32,6,2,17,28,3,1,2,2,1,1,2,1,1,1,9,12,1,1,3,2,2,1,1,,,,,,,,,,,,,
2020-04-18,192,14,85,177,113,875,16,23,3,3,92,4,23,39,7,6,26,23,7,48,11,17,2,46,9,4,8,22,1,4,1,12,19,57,2,1,8,5,4,2,1,3,6,1,5,5,2,3,4,7,34,5,2,17,31,3,1,3,2,1,2,3,1,1,1,10,36,1,1,3,2,2,1,1,1,,,,,,,,,,,,
2020-04-19,196,14,93,194,116,924,16,25,3,3,94,4,23,39,7,8,27,25,7,55,10,18,2,48,9,4,8,22,1,4,1,13,19,61,2,1,9,5,4,2,1,3,6,2,5,6,2,3,4,7,36,5,2,19,34,3,1,3,3,1,2,3,1,1,1,10,60,1,1,3,2,4,1,1,1,1,1,,,,,,,,,,
2020-04-20,202,14,95,197,124,975,17,25,3,3,97,4,24,41,7,7,26,27,7,62,11,18,2,52,9,4,8,22,1,4,1,13,19,61,3,1,9,5,4,2,1,3,6,2,6,6,2,3,4,7,37,5,2,20,33,3,1,3,3,1,2,3,1,1,1,11,76,1,2,4,3,5,1,1,1,1,1,1,,,,,,,,,
2020-04-21,215,14,97,198,127,1013,18,27,3,3,98,4,24,41,7,7,26,27,7,68,11,18,2,53,9,4,8,22,1,4,1,13,19,61,3,1,9,5,4,2,1,3,6,2,6,6,2,3,4,8,37,5,2,20,33,3,1,3,4,1,2,3,1,1,1,12,101,1,1,5,3,5,1,1,1,1,1,1,1,,,,,,,,
2020-04-22,219,15,105,204,130,1073,20,30,3,3,100,4,26,41,8,7,27,28,7,79,11,18,3,54,10,4,8,22,1,4,1,13,19,61,3,1,10,6,4,2,1,2,6,2,6,6,2,3,4,8,38,6,2,20,33,3,1,3,17,1,2,3,1,1,1,15,126,2,1,5,3,6,1,1,1,1,1,1,1,,,,,,,,
2020-04-23,235,15,131,213,131,1132,25,32,3,3,100,4,26,41,8,8,27,29,7,84,12,18,5,58,10,3,8,22,1,5,1,15,19,62,4,1,11,6,4,2,1,2,6,2,6,6,2,3,4,8,38,6,2,20,33,3,1,3,19,1,2,4,1,1,1,26,196,2,1,5,3,6,1,1,1,1,1,1,1,,,,,,,,
2020-04-24,247,15,142,219,136,1200,33,32,3,3,107,4,27,41,8,9,28,30,7,100,12,18,6,59,11,6,8,22,1,5,1,15,19,64,12,1,11,6,4,2,1,2,6,2,6,6,2,3,5,8,46,6,2,20,33,3,1,3,19,1,2,5,1,1,1,43,258,2,1,5,3,7,1,1,1,1,1,1,1,,,,,,,,
2020-04-25,261,16,150,238,138,1287,38,33,3,3,112,4,27,42,9,9,28,32,7,113,12,19,7,61,12,5,8,22,2,5,1,15,19,66,28,1,11,6,4,2,1,2,6,2,7,8,2,4,5,8,47,6,2,20,33,3,1,3,20,1,2,8,1,1,1,45,325,2,1,5,3,7,1,1,1,1,1,2,1,,,,,,,,
2020-04-26,278,17,165,239,143,1332,38,33,3,3,113,4,29,43,9,9,28,32,7,125,12,19,7,63,12,7,8,22,2,5,1,16,19,66,35,1,11,6,4,2,1,2,6,2,6,8,2,6,7,8,51,6,2,20,33,3,1,3,23,1,2,8,1,1,1,52,352,2,1,5,3,7,1,1,1,1,1,2,1,,,,,,,,
2020-04-27,297,17,168,246,144,1416,55,34,3,3,114,4,30,43,9,10,28,35,7,131,12,19,8,67,14,5,8,23,2,5,1,16,19,66,39,1,11,6,4,2,1,2,9,2,6,8,2,6,7,8,52,6,2,20,33,3,1,4,24,1,2,10,1,1,1,56,399,2,1,6,3,7,1,1,1,1,1,2,1,,,,,,,,
2020-04-28,317,19,186,251,156,1524,86,35,3,4,117,6,33,52,9,11,28,36,9,149,12,19,9,69,14,6,8,24,2,5,1,19,19,66,64,2,12,6,4,2,1,2,11,2,6,8,2,9,7,8,53,6,2,20,34,3,1,4,26,1,2,10,1,1,2,56,477,2,1,8,4,7,2,1,1,1,1,2,1,1,,,,,,,
2020-04-29,332,20,196,256,157,1633,166,40,4,4,120,10,34,70,9,12,28,41,10,152,12,19,12,71,15,7,8,24,2,5,1,26,19,66,88,2,12,6,5,3,1,2,20,2,6,8,3,9,9,8,55,6,2,20,34,3,1,4,27,1,2,11,1,1,2,56,615,2,1,9,7,8,2,1,1,1,2,2,1,1,,,,,,,
2020-04-30,374,21,212,265,162,1738,267,42,4,4,131,15,38,88,11,14,28,44,11,157,12,21,14,71,16,9,8,24,2,5,1,28,19,66,91,2,12,6,5,3,2,2,20,2,6,9,5,11,11,8,59,7,2,20,34,3,1,4,27,1,2,13,2,1,2,56,742,2,1,11,7,8,2,1,1,1,5,2,1,1,,,,,,,
2020-05-01,405,21,231,269,171,1829,435,43,4,4,133,21,38,111,13,14,28,46,12,165,12,22,16,73,18,13,9,25,2,5,1,39,19,66,135,2,12,6,5,3,2,2,23,2,6,14,6,14,14,8,59,7,2,21,35,3,1,4,32,1,2,16,3,1,2,58,866,5,1,12,7,8,2,1,1,2,6,2,1,1,1,,,,,,
2020-05-02,453,25,260,282,189,1980,531,48,5,5,142,29,41,111,15,18,28,52,13,169,13,22,18,74,20,14,10,25,2,7,1,50,21,67,145,2,12,6,6,3,2,2,27,3,6,17,7,14,14,8,59,8,2,21,35,3,1,4,36,1,3,16,3,1,2,58,899,10,1,16,8,8,2,1,1,3,6,2,1,1,1,1,,,,,
2020-05-03,493,26,281,293,202,2151,589,50,5,6,146,32,46,111,15,20,28,58,13,176,13,22,18,75,21,17,10,26,2,7,1,54,21,67,167,2,12,6,6,3,2,2,28,3,6,17,11,15,14,8,60,9,2,21,35,3,1,4,41,1,3,17,3,1,2,58,940,10,1,16,8,8,2,1,1,5,6,3,1,1,1,1,,,,,
2020-05-04,535,27,299,305,215,2298,728,54,5,6,152,35,50,111,16,24,32,63,13,190,13,22,24,79,24,16,10,26,2,7,2,61,23,67,188,2,12,6,7,3,2,2,37,7,6,18,12,17,15,9,60,9,2,21,36,3,1,4,42,1,4,17,3,1,2,60,1011,13,1,16,15,9,3,1,1,7,6,3,1,2,1,1,,,,,
2020-05-05,583,39,344,313,241,2519,815,60,5,6,162,48,51,111,16,30,33,74,13,201,12,22,25,81,25,20,10,26,2,7,2,71,23,68,200,2,12,6,7,3,2,2,41,10,6,19,13,17,15,9,60,10,2,21,37,3,1,4,42,1,4,20,3,1,2,60,1069,15,1,18,15,9,4,1,1,7,7,3,1,3,2,1,1,,,,
2020-05-06,656,51,382,322,292,2764,975,69,6,7,181,59,53,111,17,30,35,90,14,215,12,22,25,86,29,9,10,26,2,7,2,80,23,68,211,2,12,6,8,3,2,2,42,12,7,19,24,18,15,9,61,11,2,21,38,3,1,6,43,1,4,20,3,1,2,61,1082,16,1,18,18,9,5,1,1,7,9,4,1,3,2,1,1,,,,
2020-05-07,717,58,426,336,322,2962,1161,73,6,12,193,64,55,111,18,48,36,100,14,222,12,22,29,89,37,18,12,28,2,7,2,88,25,68,238,2,12,6,7,3,2,2,43,14,7,21,24,18,18,9,62,15,2,23,39,3,1,6,43,2,5,25,3,1,2,61,1153,18,1,19,26,9,6,1,1,8,11,5,1,4,4,1,3,1,,,
2020-05-08,800,69,477,351,364,3153,1274,83,6,13,211,76,55,111,18,81,37,121,18,229,12,24,29,90,45,30,13,28,2,7,2,95,25,68,261,3,12,6,7,3,2,2,43,15,7,21,24,20,19,9,64,16,3,24,41,3,1,8,45,2,6,26,3,1,3,61,1177,22,1,19,29,9,6,2,1,8,12,5,1,4,5,2,5,1,,,
2020-05-09,875,78,518,363,408,3379,1348,92,6,16,231,87,64,112,21,102,42,129,19,233,12,24,31,91,58,16,13,28,2,8,2,107,25,70,276,3,12,6,10,3,2,2,45,15,7,23,25,21,22,9,64,17,3,24,43,3,1,8,48,2,7,27,3,1,3,69,1230,25,1,19,33,9,7,2,1,8,13,5,1,4,9,2,5,1,,,
2020-05-10,920,82,549,368,430,3558,1405,102,6,16,247,92,65,112,21,114,45,140,20,235,13,26,32,92,60,17,13,29,2,8,2,109,25,71,284,4,12,6,12,3,3,2,46,16,7,23,28,21,22,9,64,17,3,23,44,3,1,12,52,2,7,29,3,1,5,73,1255,25,2,19,36,10,7,2,1,8,14,6,1,4,9,2,5,1,,,
2020-05-11,986,92,571,374,471,3744,1443,110,6,16,256,93,67,112,21,126,45,155,20,247,13,26,33,96,65,25,13,30,2,8,2,114,25,71,316,4,11,6,10,4,3,2,47,16,8,25,33,21,25,9,64,18,3,23,46,3,2,13,53,2,7,29,3,1,8,73,1269,25,2,19,38,10,7,2,1,8,14,14,1,4,10,2,5,1,,,
2020-05-12,1052,95,613,378,508,4033,1512,119,6,16,266,100,67,112,22,134,45,168,23,254,14,26,33,96,73,30,13,31,2,8,2,122,26,71,367,4,11,6,10,4,3,2,47,17,10,25,35,23,28,9,65,20,3,23,46,3,2,14,54,2,7,29,3,1,9,73,1291,25,2,19,42,11,7,2,1,8,16,21,1,4,10,2,5,1,,,
2020-05-13,1052,95,613,378,508,4033,1512,119,6,16,266,100,67,112,22,134,45,168,23,254,14,26,33,96,73,453,13,31,2,8,2,122,26,71,367,4,11,6,10,4,3,2,47,17,10,25,35,23,28,9,65,20,3,23,46,3,2,14,54,2,7,29,3,1,9,73,1291,25,2,19,42,11,7,2,1,8,16,21,1,4,10,2,5,1,,,
2020-05-14,1167,103,678,399,562,4331,1609,130,5,18,282,109,71,113,23,181,50,186,25,273,16,28,34,100,85,30,16,31,2,9,2,130,29,74,386,4,11,8,9,4,5,2,51,17,11,33,41,24,32,10,66,22,3,24,52,3,3,15,55,2,9,30,3,1,10,80,1319,30,2,19,46,11,7,2,1,8,21,27,1,4,10,2,5,1,,,
2020-05-15,1287,105,726,417,623,4674,1641,140,5,19,305,117,76,114,28,197,54,207,27,279,17,30,34,100,92,25,16,33,2,8,2,135,29,75,394,4,11,9,12,4,5,2,52,18,16,35,42,24,33,10,66,25,3,25,55,3,3,15,55,2,9,30,3,1,11,82,1342,31,2,19,46,11,8,2,1,8,23,27,1,4,9,2,5,1,,,
2020-05-16,1416,111,770,435,666,4930,1675,152,5,20,326,122,79,117,33,221,56,223,30,291,17,34,35,101,100,28,16,34,2,9,2,144,32,75,405,7,11,9,9,4,5,2,54,18,17,36,43,32,36,10,66,25,3,24,61,3,3,16,55,2,9,31,3,1,12,83,1353,33,3,20,52,11,9,3,1,8,24,28,1,4,9,2,5,1,,,
2020-05-17,1530,113,821,448,742,5158,1713,162,5,20,363,131,83,118,37,240,58,238,34,293,17,35,36,102,105,38,16,35,2,9,2,150,33,75,412,9,11,9,10,4,5,2,56,18,20,38,46,34,41,10,66,26,3,25,61,3,3,18,55,2,9,31,3,1,13,83,1361,33,3,20,60,11,10,3,1,8,25,30,1,5,9,2,5,1,,,
2020-05-18,1625,117,869,461,802,5409,1740,172,5,20,378,138,87,120,39,260,65,259,37,310,17,36,36,105,111,28,16,35,3,10,3,155,34,75,415,10,11,9,10,4,5,2,58,21,19,47,49,36,41,10,66,26,3,30,61,3,5,18,56,2,10,33,3,1,13,83,1387,33,3,20,73,11,12,4,1,8,27,32,2,5,9,2,5,1,,,
2020-05-19,1720,128,919,479,841,5650,1782,182,5,21,398,142,93,123,43,270,72,271,38,318,17,39,36,107,115,44,16,36,3,11,3,164,36,75,420,10,11,9,11,4,5,2,59,23,19,51,49,38,41,10,67,26,3,30,63,4,5,18,56,2,10,33,3,1,13,83,1394,32,3,20,87,11,13,4,1,8,29,34,3,6,9,2,5,1,,,
2020-05-20,1846,131,955,488,885,5838,1831,198,5,22,414,148,98,123,44,295,78,291,38,328,17,40,36,110,116,41,16,36,3,11,3,178,38,75,426,11,11,9,10,4,5,2,59,24,20,51,50,40,42,10,70,26,3,38,67,5,5,19,57,2,10,33,3,1,13,83,1396,32,3,20,110,11,15,4,1,8,31,36,3,6,9,2,6,1,,,
2020-05-21,1925,138,995,493,929,6029,1853,200,5,22,431,152,104,124,51,307,87,298,39,344,17,40,36,109,122,43,16,38,3,10,3,183,40,75,428,12,11,9,11,4,5,2,59,24,20,52,51,40,42,10,71,28,3,38,73,5,4,21,57,2,10,33,3,1,14,83,1414,33,3,20,116,11,14,4,1,8,32,37,4,6,10,2,6,1,,,
2020-05-22,2018,146,1044,525,961,6350,1881,213,5,23,453,158,108,124,63,328,112,316,41,356,17,41,37,109,134,29,16,39,3,10,3,193,43,76,443,12,11,10,11,4,5,2,61,27,21,52,51,41,45,11,71,29,3,42,76,5,4,24,57,2,10,34,3,1,15,84,1432,33,3,20,140,11,15,4,1,8,34,39,6,6,11,2,6,1,,,
2020-05-23,2164,154,1092,542,999,6649,1918,231,5,24,485,161,110,124,64,352,138,334,44,361,17,43,38,110,138,25,16,41,3,11,3,202,50,77,449,12,11,12,11,5,5,2,62,27,24,53,51,43,46,11,71,31,3,42,82,5,4,26,59,2,10,35,3,1,15,84,1444,32,3,20,183,11,15,6,1,8,36,39,7,6,11,2,6,1,1,,
2020-05-24,2316,161,1164,551,1059,6918,1923,240,5,24,506,166,112,124,68,365,150,346,48,366,17,43,39,111,140,28,16,41,3,11,3,208,52,77,454,12,11,12,11,5,5,2,62,29,25,55,52,42,50,11,73,31,3,42,84,5,5,26,58,2,10,35,3,1,15,85,1457,32,3,21,197,11,16,6,1,8,38,40,7,6,11,2,7,1,1,,
2020-05-25,2437,174,1210,562,1102,7168,1950,253,5,25,527,167,115,125,69,386,189,358,48,373,17,44,39,111,141,31,16,41,3,11,3,214,55,78,468,12,11,12,12,5,5,3,64,29,28,60,53,42,56,12,73,34,3,56,93,6,6,27,59,2,10,35,3,1,16,85,1469,37,3,21,204,11,17,6,1,9,38,42,9,6,11,2,8,1,1,,
2020-05-26,2551,182,1241,570,1164,7421,1959,263,5,24,553,167,119,126,71,396,206,374,49,386,17,46,39,114,144,24,17,41,3,11,3,217,58,78,471,13,11,12,13,5,5,3,65,30,30,59,53,42,58,13,73,36,3,56,97,6,6,28,59,2,10,35,3,1,16,85,1478,37,3,21,220,11,17,7,1,9,39,42,14,8,11,3,8,1,1,,
2020-05-27,2610,185,1262,575,1182,7540,1984,269,5,24,562,169,122,126,74,411,216,379,50,406,17,46,39,115,148,71,17,43,3,12,3,219,60,78,475,13,11,13,13,5,5,3,65,39,33,62,53,44,59,14,73,36,3,57,97,6,7,29,59,2,10,36,3,1,17,85,1488,37,4,21,296,11,17,7,1,9,40,44,17,8,11,3,8,1,1,,
2020-05-28,2698,189,1289,582,1202,7695,1995,280,5,25,576,173,126,126,82,423,231,383,54,416,17,46,39,117,149,104,17,44,4,13,3,222,60,78,476,15,11,14,13,5,5,3,69,39,32,63,54,44,64,14,73,38,3,59,102,6,7,30,59,2,10,36,4,2,17,89,1496,36,4,22,296,11,19,7,1,9,41,44,17,8,11,3,8,1,1,1,
2020-05-29,2790,201,1324,594,1230,7932,2001,287,5,26,598,175,137,129,83,438,254,394,60,420,17,50,39,118,151,76,17,44,4,13,3,226,62,79,486,16,11,14,15,5,6,3,69,40,32,63,54,44,69,14,73,43,3,64,108,6,7,33,60,2,10,37,4,2,18,89,1503,36,4,22,302,12,19,7,1,10,45,49,17,8,11,4,9,1,2,2,
2020-05-30,2863,206,1363,608,1263,8181,2014,305,5,26,617,175,138,129,86,452,303,408,61,424,17,52,39,118,159,96,18,44,4,13,3,237,66,79,490,16,11,14,18,5,6,3,70,41,32,64,54,45,71,15,73,49,3,68,115,6,7,34,61,2,12,39,4,3,18,89,1512,39,4,22,313,13,19,8,1,10,45,49,17,9,11,4,9,1,3,1,
2020-05-31,3019,210,1399,626,1327,8393,2021,313,5,26,636,177,140,130,87,462,318,426,61,423,17,52,39,118,158,99,18,44,5,14,3,243,66,79,496,16,11,15,18,5,6,3,75,42,35,68,54,45,74,16,73,56,3,71,117,6,8,37,61,2,12,39,5,2,18,89,1539,40,4,22,316,13,19,8,1,12,46,51,19,10,11,4,9,1,2,1,
2020-06-01,3075,218,1429,634,1349,8514,2030,320,5,26,645,178,142,132,88,462,345,436,62,427,17,53,39,118,160,98,18,44,6,14,3,246,68,80,497,16,11,15,19,5,6,3,76,44,35,70,55,45,75,16,75,57,3,71,125,6,9,37,61,2,12,39,5,2,19,89,1544,40,4,22,319,13,19,8,1,12,47,51,19,10,11,4,9,1,2,1,
2020-06-02,3128,222,1441,650,1368,8591,2042,327,5,26,658,178,145,132,88,467,354,442,62,430,17,53,40,118,164,93,18,44,8,13,3,253,69,80,504,16,11,16,20,6,6,3,76,44,35,70,55,45,77,16,75,65,4,72,130,6,9,37,61,2,12,39,6,2,19,89,1552,41,4,22,327,13,20,11,1,12,48,51,19,10,12,4,9,1,3,1,
2020-06-03,3189,224,1470,654,1388,8738,2047,332,5,27,670,181,148,132,88,480,366,455,64,435,17,53,40,118,167,85,18,46,8,12,3,248,70,80,505,16,11,18,20,6,6,3,77,44,35,71,56,45,78,17,75,71,4,75,130,6,9,37,61,2,12,39,6,3,19,90,1558,41,4,23,330,14,22,11,1,12,48,51,21,10,12,4,9,1,3,1,
2020-06-04,3252,232,1488,672,1414,8867,2050,339,7,27,680,182,148,132,88,483,406,460,64,441,17,53,42,118,167,86,18,46,8,11,3,248,71,80,511,16,11,18,20,6,6,3,79,45,36,73,56,46,78,16,75,81,4,77,142,6,9,39,61,2,12,40,7,3,19,93,1562,43,4,23,336,15,23,11,1,12,48,52,23,10,12,4,10,1,3,1,
2020-06-05,3351,240,1527,689,1446,9099,2056,349,7,29,700,185,149,135,88,524,446,471,69,449,17,54,42,119,170,107,20,47,11,11,3,249,73,81,514,17,11,18,22,6,6,3,82,46,36,73,56,46,79,17,75,101,4,81,159,7,9,41,63,3,13,41,7,3,19,93,1577,44,4,23,344,15,24,12,1,12,48,52,30,10,12,4,10,1,3,1,
2020-06-06,3445,247,1555,699,1481,9255,2063,351,7,31,712,187,151,137,89,565,482,483,70,457,18,55,42,119,171,107,20,48,11,11,3,253,76,83,517,17,11,20,23,6,6,3,86,46,37,75,56,46,80,17,75,110,5,82,170,7,9,43,63,3,13,41,7,3,19,93,1585,44,4,23,346,15,24,12,1,12,49,52,31,10,12,4,10,1,3,1,
2020-06-07,3507,250,1585,711,1504,9372,2070,358,8,30,721,188,152,137,89,576,504,486,70,462,20,55,42,119,172,98,20,49,12,11,3,254,77,85,521,19,11,21,23,6,6,3,90,47,39,76,56,46,83,18,77,133,5,82,177,7,9,43,64,3,14,41,7,4,19,93,1592,44,4,23,350,15,24,12,1,12,51,52,34,10,12,5,10,1,4,1,
2020-06-08,3553,254,1616,722,1523,9480,2071,361,8,30,731,188,152,140,90,587,524,493,70,469,20,55,42,119,173,99,20,49,12,12,3,257,79,85,522,19,11,21,24,6,6,3,92,48,41,77,56,47,83,17,78,144,5,85,185,7,9,44,64,4,14,41,8,5,19,93,1597,44,4,23,354,16,24,12,1,12,51,52,36,10,12,5,10,1,5,1,
2020-06-09,3626,257,1627,727,1554,9567,2076,361,8,32,732,190,153,142,91,593,537,496,70,481,20,55,42,119,173,97,20,50,12,12,3,261,83,85,526,19,11,21,25,6,6,3,94,48,43,78,57,47,84,17,78,145,5,86,188,7,9,45,67,5,14,41,8,5,19,94,1597,45,4,23,361,16,24,13,1,12,51,53,37,10,12,5,10,1,5,1,
2020-06-10,3680,261,1654,740,1572,9674,2081,362,8,32,735,190,154,143,93,594,574,504,73,490,20,55,43,119,173,113,20,50,13,11,3,260,86,86,534,25,12,21,25,6,6,3,94,48,44,78,58,47,86,17,78,158,5,87,197,8,9,46,67,5,14,41,8,5,19,94,1599,45,4,23,364,16,24,13,1,12,52,54,37,10,12,6,10,1,5,1,
2020-06-11,3740,266,1674,752,1623,9815,2088,367,8,32,748,190,157,143,93,604,604,517,74,499,20,57,43,123,173,114,20,50,13,11,3,261,86,84,540,25,12,21,25,6,6,3,96,48,48,80,58,50,86,18,79,174,5,88,200,8,9,52,67,5,15,42,8,6,19,95,1602,45,4,23,368,17,26,13,1,12,53,54,37,10,13,6,10,1,5,1,
2020-06-12,3813,268,1691,765,1648,9934,2096,372,9,33,766,190,159,143,95,685,638,525,77,503,20,58,43,123,175,96,21,51,12,11,3,262,92,84,541,25,12,21,25,6,6,3,101,49,48,80,58,49,96,18,80,183,5,88,217,8,9,52,67,5,15,42,10,6,19,95,1607,47,4,23,371,17,26,13,1,12,54,55,50,10,13,6,10,1,5,1,
2020-06-13,3882,269,1716,775,1682,10069,2100,375,11,33,787,190,161,143,95,688,640,526,78,507,20,59,46,123,175,88,21,52,13,11,3,267,93,84,544,25,14,21,26,6,6,3,104,49,49,83,58,49,98,19,80,199,5,90,218,9,9,54,67,5,15,43,10,6,19,95,1618,49,4,23,372,17,28,13,1,12,54,55,50,10,13,6,10,1,5,1,1
2020-06-14,3936,270,1742,778,1713,10191,2107,377,12,33,796,193,163,143,95,688,650,528,78,504,20,59,46,123,175,87,21,52,13,11,3,266,94,84,546,25,15,23,27,6,6,5,106,48,49,83,59,50,98,19,80,208,5,90,221,9,9,54,67,5,14,43,11,6,19,96,1620,49,4,25,373,17,28,13,1,12,54,56,50,10,13,6,10,1,5,1,1
2020-06-15,3992,271,1760,778,1730,10281,2108,378,12,33,799,193,163,143,95,694,651,536,80,506,20,59,48,123,175,87,21,52,13,11,3,267,94,84,546,25,15,23,27,6,6,5,110,48,50,83,59,50,98,19,80,214,5,90,220,10,9,54,67,5,14,43,10,6,20,96,1620,50,4,25,373,17,28,13,1,12,54,56,51,10,13,6,10,1,5,1,1
2020-06-16,4033,276,1770,781,1758,10323,2109,383,12,34,802,193,164,147,95,697,661,541,80,506,20,59,48,124,175,86,21,52,13,11,3,270,94,85,548,25,15,23,28,6,6,5,111,48,50,83,59,50,99,20,80,222,5,90,222,11,9,54,67,5,14,43,12,6,20,96,1620,50,4,25,375,17,28,13,1,12,54,57,51,10,13,6,10,2,5,1,1
2020-06-17,4079,278,1786,810,1776,10415,2111,390,12,34,826,195,169,147,95,701,733,546,81,512,20,61,48,127,179,91,24,53,14,11,3,272,97,89,552,26,15,23,30,6,6,6,115,51,50,83,59,50,108,20,81,229,5,91,235,10,9,56,67,7,14,43,12,6,20,96,1620,49,4,25,379,18,28,13,1,12,54,58,51,10,13,6,10,4,5,1,1
2020-06-18,4128,285,1810,832,1805,10512,2122,391,12,35,833,198,172,147,98,733,744,551,81,516,22,61,50,129,181,90,24,53,14,12,3,271,98,91,553,27,18,23,32,6,6,6,115,53,51,83,59,50,115,22,81,250,5,92,240,11,9,58,67,8,14,44,12,6,20,96,1621,49,4,26,381,18,28,13,1,12,54,62,52,10,13,6,10,4,5,1,1
2020-06-19,4180,287,1836,846,1847,10607,2126,394,12,36,843,200,174,147,105,740,755,555,82,521,21,62,50,132,183,89,27,54,14,12,4,272,101,93,554,28,20,23,30,6,6,6,118,53,52,83,59,51,128,21,81,258,5,92,243,14,9,64,67,7,14,47,12,6,20,96,1628,48,3,26,386,18,29,13,1,12,54,64,50,10,13,6,10,4,5,2,1
2020-06-20,4244,293,1867,869,1878,10705,2131,397,12,37,868,201,191,147,107,743,784,561,83,522,21,63,50,135,186,100,27,57,14,12,4,273,102,94,560,28,20,24,31,6,6,6,121,54,53,85,59,51,137,22,81,270,5,93,245,22,9,66,71,10,14,47,12,6,20,96,1630,50,3,26,388,18,29,13,1,12,54,66,50,10,13,6,10,4,5,2,1
2020-06-21,4306,294,1894,903,1915,10830,2134,401,12,40,885,201,214,148,108,748,797,570,87,526,23,65,52,142,194,114,27,62,14,12,4,275,105,94,560,29,20,25,33,6,6,6,121,54,55,85,59,51,144,21,81,274,5,94,251,22,9,67,72,13,14,47,12,6,20,97,1631,49,3,28,388,18,30,13,1,12,55,66,50,12,13,6,10,4,5,2,1
2020-06-22,4352,297,1910,910,1941,10920,2137,403,16,41,898,202,227,148,109,754,802,587,87,528,23,66,53,143,199,112,28,62,14,12,4,276,107,99,560,29,20,25,33,6,6,6,123,54,56,85,59,51,157,21,81,276,5,94,258,24,9,68,72,13,15,47,12,6,20,97,1632,50,3,28,390,18,30,13,1,12,56,67,50,12,13,6,10,5,5,2,1
2020-06-23,4394,299,1919,916,1956,10988,2139,405,18,44,905,204,243,148,109,758,813,595,87,530,23,66,53,145,200,109,28,66,14,11,4,277,108,99,561,29,20,25,35,6,6,6,125,54,56,85,59,57,166,21,81,277,5,97,259,23,9,69,73,15,15,47,12,6,20,97,1634,50,3,28,392,18,30,13,1,12,56,68,50,14,13,6,10,5,5,3,1
2020-06-24,4424,305,1940,938,1982,11057,2140,409,18,45,917,204,265,149,112,761,828,603,87,537,23,67,53,146,202,115,28,70,14,11,4,277,109,100,561,30,20,27,35,7,6,7,126,54,56,85,60,57,173,23,81,279,5,97,259,24,9,71,75,15,15,47,12,6,20,97,1635,53,3,28,394,18,30,13,1,12,56,69,50,14,13,6,10,5,5,3,1
2020-06-25,4474,308,1961,948,2012,11178,2141,411,19,46,926,203,281,148,115,771,847,609,88,537,23,67,53,151,206,114,29,71,14,11,4,278,109,107,564,35,20,27,41,7,6,7,127,55,56,85,63,57,175,22,81,284,5,97,262,24,9,75,75,16,15,47,12,6,20,98,1637,53,3,28,395,19,31,13,1,12,56,69,50,15,13,6,10,5,5,3,1
2020-06-26,4508,316,1990,970,2061,11308,2156,419,19,51,948,203,317,151,120,780,868,616,90,545,24,70,53,152,209,116,28,75,14,11,4,283,111,110,564,37,20,27,44,7,7,7,130,55,56,86,63,57,186,23,81,289,5,100,265,25,10,80,78,17,16,47,14,6,20,98,1643,53,3,29,395,19,31,13,2,12,57,70,50,15,13,6,10,5,5,3,1
2020-06-27,4563,323,2020,998,2090,11415,2166,420,19,52,968,207,335,152,123,783,894,627,90,556,25,74,53,152,212,117,30,75,14,11,4,287,113,110,564,40,20,27,45,7,7,7,131,58,58,87,64,57,190,23,81,291,5,101,271,25,10,80,77,20,16,48,14,6,20,98,1644,54,3,29,395,19,32,13,2,12,57,74,50,15,13,6,10,5,5,3,1
2020-06-28,4610,333,2053,1020,2133,11556,2200,426,24,55,984,208,368,154,128,793,910,637,92,557,25,79,54,156,212,117,30,77,14,12,4,291,117,112,565,43,20,27,48,7,7,7,131,58,60,88,64,57,196,27,81,294,5,102,280,27,12,79,79,21,20,49,14,6,20,99,1649,54,3,29,397,19,32,13,2,12,57,74,50,15,13,6,10,6,5,3,1
2020-06-29,4629,338,2076,1027,2157,11656,2228,438,24,57,995,208,377,155,136,804,911,641,93,560,25,79,54,158,215,117,30,79,14,12,4,291,117,113,565,46,20,27,53,9,7,7,132,58,61,91,64,57,200,27,81,295,5,102,282,27,12,81,79,23,20,50,16,6,20,100,1651,54,3,30,397,19,32,13,2,12,58,74,50,15,14,6,10,6,5,3,1
2020-06-30,4685,340,2097,1047,2180,11796,2265,445,24,57,1008,208,403,156,144,809,921,658,93,563,25,81,54,161,215,118,31,82,14,13,4,295,119,119,565,48,20,27,53,8,7,7,133,61,61,92,65,58,203,30,81,295,5,102,281,29,13,81,79,24,25,51,16,6,20,100,1652,54,3,30,398,20,32,14,2,12,58,75,50,15,14,6,10,7,5,4,1
2020-07-01,4724,348,2124,1058,2218,11892,2287,448,28,58,1025,208,422,161,149,824,928,671,95,576,27,81,54,169,219,118,31,86,14,12,4,297,124,119,565,48,20,28,53,9,7,7,134,61,64,92,65,58,206,31,83,300,5,102,286,29,14,85,81,24,26,51,17,9,20,103,1655,55,3,29,400,20,34,14,2,12,57,76,51,15,14,8,10,6,5,4,1
2020-07-02,4777,361,2155,1076,2248,12048,2312,453,28,62,1048,212,442,161,155,827,932,684,97,580,27,83,55,174,223,119,31,91,14,14,4,303,127,120,566,53,20,29,54,10,7,7,134,61,65,92,64,59,215,31,83,305,5,104,289,29,14,85,81,25,31,54,17,10,21,103,1661,55,3,29,400,20,34,14,2,12,59,76,51,15,14,10,10,6,5,4,1
2020-07-03,4805,364,2180,1101,2286,12150,2345,456,32,64,1069,214,453,163,159,835,945,700,97,585,28,84,55,177,228,113,31,98,14,15,4,307,129,122,570,54,20,29,55,10,8,7,134,62,72,93,64,61,216,30,85,309,5,106,290,30,14,88,81,25,37,58,18,13,21,103,1662,55,3,30,400,20,34,14,2,12,59,78,50,15,14,10,10,6,6,4,1
2020-07-04,4805,364,2180,1101,2286,12150,2345,456,32,64,1069,214,453,163,159,835,945,700,97,585,28,84,55,177,228,113,31,98,14,15,4,307,129,122,570,54,20,29,55,10,8,7,134,62,72,93,64,61,216,30,85,309,5,106,290,30,14,88,81,25,37,58,18,13,21,103,1662,55,3,30,400,20,34,14,2,12,59,78,50,15,14,10,10,6,6,4,1
2020-07-05,4855,376,2200,1124,2330,12329,2361,465,35,68,1082,215,470,168,166,842,951,715,98,587,30,86,55,178,231,114,33,100,14,15,4,312,130,124,573,54,20,30,56,10,8,7,136,64,72,93,64,61,224,30,87,312,6,106,292,30,15,91,81,25,44,63,18,16,21,103,1668,56,3,31,401,20,34,15,2,12,59,79,51,15,14,11,10,6,6,4,1
2020-07-06,4911,381,2241,1129,2382,12456,2371,475,35,68,1114,217,479,169,169,844,952,734,100,587,30,87,55,180,231,115,33,103,15,16,4,317,131,125,573,54,21,30,56,10,9,8,136,65,73,95,64,61,234,31,87,316,6,106,292,30,15,92,82,26,52,64,18,16,22,105,1669,56,3,31,401,20,34,15,2,12,59,79,51,15,14,12,10,6,7,4,1
2020-07-07,4963,395,2266,1147,2421,12597,2414,483,36,71,1137,220,494,171,173,848,960,762,102,591,30,88,55,196,237,122,33,108,15,16,4,325,131,129,578,54,21,34,60,10,10,9,136,65,75,100,64,61,238,34,87,327,5,108,297,30,18,92,82,27,59,65,19,17,22,107,1672,57,4,31,401,20,34,15,2,12,61,79,52,15,15,17,12,6,8,5,1
2020-07-08,5013,417,2293,1168,2479,12703,2429,492,36,71,1163,221,510,171,176,859,965,783,102,595,30,92,55,198,239,125,35,110,17,19,4,327,132,131,582,55,21,35,60,11,10,9,137,66,76,100,65,61,240,37,88,327,6,109,298,30,17,94,84,28,63,66,20,17,23,110,1672,57,4,31,402,21,34,15,2,12,61,79,52,15,15,17,12,6,8,6,1
2020-07-09,5066,433,2328,1196,2524,12867,2448,505,37,73,1190,228,535,171,187,862,972,803,103,598,30,93,57,203,240,122,34,117,17,19,4,340,137,133,584,56,21,41,60,11,10,10,138,67,78,102,68,62,242,39,89,331,6,108,302,31,17,96,86,29,66,67,21,19,25,111,1676,57,4,31,402,21,34,15,2,12,61,79,53,16,16,22,12,6,8,8,1
2020-07-10,5127,442,2360,1235,2570,13054,2481,516,37,75,1228,235,544,172,191,873,974,823,105,601,31,97,57,218,243,124,35,119,17,19,4,344,138,136,587,57,21,43,61,13,10,10,138,69,80,104,69,62,245,43,89,332,6,110,309,31,17,99,86,29,67,68,21,21,29,111,1676,57,4,31,402,21,36,15,2,12,62,79,53,16,16,24,12,6,8,10,1
2020-07-11,5169,469,2393,1259,2655,13328,2496,528,37,77,1255,236,563,175,203,879,982,858,107,612,35,96,57,223,245,126,38,125,17,19,5,362,140,141,590,58,22,47,61,17,10,12,142,70,81,111,71,62,267,44,90,333,6,113,312,31,21,100,88,32,69,73,23,25,33,112,1684,62,4,34,402,21,39,15,2,13,64,80,53,17,17,25,13,6,10,11,1
2020-07-12,5256,494,2422,1276,2713,13568,2523,539,37,78,1283,239,575,175,206,884,983,881,110,613,36,97,57,235,247,126,39,132,17,19,5,369,142,144,593,58,22,53,62,19,13,13,141,73,83,114,71,64,271,46,94,344,6,113,313,31,21,103,90,32,74,82,25,28,33,113,1688,66,4,34,403,21,40,16,2,16,66,81,54,17,17,32,13,9,10,11,1
2020-07-13,5313,500,2458,1302,2753,13697,2536,547,37,80,1306,242,586,175,207,892,987,899,111,620,36,99,58,238,250,126,43,136,18,20,5,372,142,150,595,57,22,55,61,25,13,15,142,74,83,115,76,66,272,49,94,351,7,115,314,31,22,103,90,32,86,83,25,28,35,115,1694,68,5,35,404,21,41,16,2,16,69,81,54,18,18,32,13,9,10,11,1
2020-07-14,5357,509,2477,1319,2781,13790,2549,555,37,80,1324,243,600,176,212,895,990,923,112,627,38,100,58,241,266,130,44,142,18,21,6,371,142,153,595,58,23,58,64,32,13,14,142,75,84,121,76,66,272,51,96,359,8,116,316,32,24,102,89,32,90,85,25,30,35,114,1697,69,5,35,404,21,40,17,2,16,70,82,54,18,18,31,14,9,11,11,1
2020-07-15,5397,518,2510,1336,2852,13948,2575,564,37,82,1344,250,629,180,215,898,994,953,113,632,38,105,59,249,266,134,46,142,18,22,6,375,146,156,600,59,23,62,64,33,13,14,144,83,86,123,79,67,273,53,96,364,8,119,316,34,26,102,90,32,97,86,25,29,39,115,1698,69,5,35,405,21,41,17,2,17,70,84,55,18,18,31,19,10,12,11,1
2020-07-16,5470,533,2534,1353,2912,14125,2596,576,37,83,1369,255,639,179,219,905,996,965,114,638,40,107,60,254,274,131,49,144,18,26,6,400,146,163,601,62,23,71,67,37,15,14,146,91,87,123,86,68,272,53,96,369,8,122,317,35,29,104,91,33,103,89,26,30,40,115,1698,71,5,36,405,22,41,18,2,17,70,83,55,18,18,32,19,12,12,13,1
