,Cuyahoga,Stark,Trumbull,Belmont,Butler,Franklin,Lorain,Summit,Tuscarawas,Lucas,Medina,Geauga,Coshocton,Darke,Lake,Mahoning,Ashland,Clark,Delaware,Huron,Miami,Hamilton,Montgomery,Richland,Ashtabula,Columbiana,Marion,Union,Warren,Clermont,Defiance,Erie,Licking,Carroll,Clinton,Gallia,Greene,Hancock,Portage,Wood,Knox,Logan,Madison,Sandusky,Washington,Champaign,Crawford,Fairfield,Highland,Fayette,Lawrence,Mercer,Pickaway,Seneca,Wayne,Athens,Jefferson,Muskingum,Wyandot,Fulton,Shelby,Allen,Auglaize,Ottawa,Pike,Van Wert,Brown,Holmes,Preble,Ross,Perry,Morrow,Guernsey,Hardin,Williams,Adams,Monroe,Morgan,Paulding,Putnam,Scioto,Meigs,Henry,Jackson,Noble,Hocking,Harrison,Vinton,Unknown
2020-03-09,3,,,,,,,,,,,,,,,,,,,,,,,,,,,,,,,,,,,,,,,,,,,,,,,,,,,,,,,,,,,,,,,,,,,,,,,,,,,,,,,,,,,,,,,,
2020-03-10,3,,,,,,,,,,,,,,,,,,,,,,,,,,,,,,,,,,,,,,,,,,,,,,,,,,,,,,,,,,,,,,,,,,,,,,,,,,,,,,,,,,,,,,,,
2020-03-11,3,1,,,,,,,,,,,,,,,,,,,,,,,,,,,,,,,,,,,,,,,,,,,,,,,,,,,,,,,,,,,,,,,,,,,,,,,,,,,,,,,,,,,,,,,
2020-03-12,3,1,1,,,,,,,,,,,,,,,,,,,,,,,,,,,,,,,,,,,,,,,,,,,,,,,,,,,,,,,,,,,,,,,,,,,,,,,,,,,,,,,,,,,,,,
2020-03-13,11,1,1,,,,,,,,,,,,,,,,,,,,,,,,,,,,,,,,,,,,,,,,,,,,,,,,,,,,,,,,,,,,,,,,,,,,,,,,,,,,,,,,,,,,,,
2020-03-14,11,2,2,2,4,1,1,2,1,,,,,,,,,,,,,,,,,,,,,,,,,,,,,,,,,,,,,,,,,,,,,,,,,,,,,,,,,,,,,,,,,,,,,,,,,,,,,,,,
2020-03-15,14,3,2,2,6,3,2,2,1,1,1,,,,,,,,,,,,,,,,,,,,,,,,,,,,,,,,,,,,,,,,,,,,,,,,,,,,,,,,,,,,,,,,,,,,,,,,,,,,,,
2020-03-16,24,3,2,2,6,3,3,2,1,1,2,1,,,,,,,,,,,,,,,,,,,,,,,,,,,,,,,,,,,,,,,,,,,,,,,,,,,,,,,,,,,,,,,,,,,,,,,,,,,,,
2020-03-17,31,3,2,2,6,4,4,4,1,1,3,1,2,1,1,1,,,,,,,,,,,,,,,,,,,,,,,,,,,,,,,,,,,,,,,,,,,,,,,,,,,,,,,,,,,,,,,,,,,,,,,,,
2020-03-18,38,3,2,2,8,7,6,4,1,1,4,1,2,1,2,3,1,1,1,1,1,,,,,,,,,,,,,,,,,,,,,,,,,,,,,,,,,,,,,,,,,,,,,,,,,,,,,,,,,,,,,,,,,,,,
2020-03-19,53,5,2,2,8,10,6,6,1,1,5,1,2,1,2,5,1,1,2,1,1,2,1,1,,,,,,,,,,,,,,,,,,,,,,,,,,,,,,,,,,,,,,,,,,,,,,,,,,,,,,,,,,,,,,,,,
2020-03-20,69,6,3,2,12,14,10,10,1,2,5,1,2,1,3,7,1,1,2,1,1,7,1,1,1,1,1,1,2,,,,,,,,,,,,,,,,,,,,,,,,,,,,,,,,,,,,,,,,,,,,,,,,,,,,,,,,,,,,
2020-03-21,92,8,3,2,16,21,14,15,1,4,9,1,2,1,4,14,1,1,4,1,11,8,1,1,1,1,1,1,2,2,2,1,1,,,,,,,,,,,,,,,,,,,,,,,,,,,,,,,,,,,,,,,,,,,,,,,,,,,,,,,,
2020-03-22,125,10,3,2,17,34,19,23,2,5,10,2,2,1,6,18,1,1,6,1,13,19,5,1,2,2,1,1,3,5,2,1,1,1,1,1,1,1,1,1,,,,,,,,,,,,,,,,,,,,,,,,,,,,,,,,,,,,,,,,,,,,,,,,,
2020-03-23,149,13,3,2,17,46,24,28,2,9,15,2,3,1,8,23,1,1,7,1,17,26,7,1,3,2,3,1,5,5,2,1,1,2,1,1,1,1,2,2,1,1,1,1,1,,,,,,,,,,,,,,,,,,,,,,,,,,,,,,,,,,,,,,,,,,,,
2020-03-24,167,13,4,2,18,75,30,36,3,11,15,5,3,1,11,28,1,2,11,2,19,38,10,4,3,3,4,2,7,5,2,1,2,3,1,1,3,1,4,2,1,2,1,1,1,1,1,2,1,,,,,,,,,,,,,,,,,,,,,,,,,,,,,,,,,,,,,,,,
2020-03-25,206,13,9,3,18,88,37,43,3,23,22,4,4,1,14,42,1,2,12,2,19,48,14,4,3,4,4,3,8,5,2,2,5,3,2,1,3,1,4,3,2,2,2,1,1,1,1,5,1,1,1,1,1,1,1,,,,,,,,,,,,,,,,,,,,,,,,,,,,,,,,,,
2020-03-26,259,16,12,3,21,109,44,50,3,35,24,7,4,1,19,51,1,2,15,3,20,53,14,4,3,5,4,3,10,6,2,3,5,3,2,1,3,2,8,6,2,2,3,1,1,2,1,6,1,1,1,1,2,1,2,1,1,1,1,,,,,,,,,,,,,,,,,,,,,,,,,,,,,,
2020-03-27,330,22,17,6,23,152,56,65,3,50,32,10,4,1,27,68,3,2,22,3,32,63,19,4,5,7,5,3,11,6,5,3,10,3,2,1,3,2,13,9,2,2,4,1,2,2,1,8,1,1,1,2,2,2,3,1,1,2,1,2,1,,,,,,,,,,,,,,,,,,,,,,,,,,,,
2020-03-28,370,25,27,8,25,222,65,79,5,67,37,14,4,1,30,80,2,2,26,3,38,71,20,5,6,9,5,3,16,8,5,5,14,4,3,1,3,3,19,10,2,3,4,2,2,2,2,14,1,1,1,2,4,1,4,2,5,2,1,2,3,2,1,1,1,1,,,,,,,,,,,,,,,,,,,,,,,
2020-03-29,449,29,36,8,27,247,74,99,5,94,45,17,4,3,35,84,2,7,31,3,43,85,25,5,6,11,6,3,20,8,5,5,17,4,3,1,3,3,27,12,3,3,4,3,3,2,2,14,1,1,1,2,4,2,4,3,5,2,1,2,3,4,2,1,1,1,,,,,,,,,,,,,,,,,,,,,,,
2020-03-30,493,44,42,8,30,281,78,118,7,114,48,22,5,12,43,117,2,6,38,3,46,101,31,5,6,11,7,4,20,9,5,5,21,5,3,1,3,3,32,13,3,3,5,3,3,3,5,13,1,1,1,2,5,3,7,3,7,2,1,2,4,4,2,2,1,1,1,1,1,1,,,,,,,,,,,,,,,,,,,
2020-03-31,527,45,50,9,36,325,82,131,9,133,55,24,5,13,44,153,2,6,40,4,52,124,37,6,6,15,8,4,21,10,5,5,25,5,3,1,6,5,38,15,4,3,7,4,3,3,5,14,1,1,1,2,12,3,9,3,11,2,2,2,5,5,2,2,1,1,2,1,1,2,1,,,,,,,,,,,,,,,,,,
2020-04-01,589,52,58,11,41,391,85,144,14,171,59,25,7,22,48,177,2,6,47,4,60,154,41,8,6,19,9,4,23,11,6,5,25,5,4,1,8,6,44,15,4,3,9,5,3,4,5,22,2,1,1,4,12,4,11,3,11,2,2,2,6,6,3,4,1,2,2,1,1,2,2,1,,,,,,,,,,,,,,,,,
2020-04-02,663,67,63,12,45,441,90,155,16,206,68,33,8,22,62,192,3,7,50,4,62,178,49,8,8,22,10,4,26,14,6,5,30,5,5,3,8,8,59,18,5,3,11,5,4,4,6,28,3,1,2,5,12,4,11,3,13,3,2,3,6,10,3,5,1,2,2,1,1,3,2,1,1,1,1,,,,,,,,,,,,,,
2020-04-03,780,79,72,13,49,503,95,165,17,233,72,35,8,26,66,203,3,7,61,5,64,220,57,10,9,28,11,5,31,16,6,6,41,5,7,4,9,9,65,20,6,3,12,5,4,4,7,32,4,1,4,6,13,4,18,3,14,3,2,3,7,13,5,5,1,2,2,1,3,4,2,1,1,1,1,,,,,,,,,,,,,,
2020-04-04,781,92,90,17,59,557,105,184,19,272,74,38,8,28,76,250,3,7,69,6,69,288,69,14,11,36,12,7,35,20,7,6,50,8,7,4,11,9,74,23,6,3,15,5,6,5,7,36,4,2,7,6,20,5,25,3,14,4,5,5,10,15,6,5,1,2,3,1,4,4,3,3,1,1,1,1,,,,,,,,,,,,,
2020-04-05,826,95,89,20,68,597,110,184,20,302,78,38,9,32,79,261,3,8,70,6,76,319,84,17,12,42,19,8,36,21,7,8,55,8,8,4,13,11,84,29,7,5,17,5,8,5,9,46,4,2,8,7,29,6,26,3,14,4,5,5,12,18,6,5,1,2,3,1,5,4,3,5,1,1,1,2,2,,,,,,,,,,,,
2020-04-06,871,109,102,22,75,644,117,189,23,321,83,40,10,32,87,272,3,10,77,9,90,394,109,19,15,53,25,8,37,27,8,10,57,9,8,4,15,14,94,34,7,5,17,5,15,5,9,54,6,2,10,8,27,6,26,3,15,5,5,5,17,19,8,5,1,2,3,2,5,6,4,5,1,2,1,2,2,1,1,1,1,,,,,,,,
2020-04-07,911,110,110,25,92,703,116,199,23,347,88,41,10,34,92,300,3,11,77,10,101,411,132,20,18,59,28,8,45,22,9,10,61,9,9,4,20,15,101,38,7,5,18,5,27,5,9,59,6,2,9,8,31,6,29,3,15,6,5,5,18,22,8,5,1,2,4,2,7,9,4,6,1,2,1,2,2,1,1,1,1,1,,,,,,,
2020-04-08,960,114,126,30,102,761,136,211,26,371,94,44,10,38,99,305,3,13,79,9,107,437,147,25,20,71,32,8,46,27,10,10,64,9,11,4,21,17,108,41,7,5,20,5,30,5,9,65,6,4,13,11,35,6,30,3,18,6,5,5,19,23,8,6,1,2,4,3,8,10,6,6,2,2,1,2,2,2,2,1,1,1,1,2,,,,,
2020-04-09,1014,120,132,36,108,802,140,221,26,403,98,47,12,40,106,334,4,14,84,10,110,473,156,27,19,81,40,9,53,33,10,10,78,9,12,4,21,16,116,42,8,5,21,7,34,5,12,68,6,5,15,12,39,7,30,3,19,8,8,5,21,23,8,8,1,2,4,3,9,10,6,6,4,3,1,3,2,2,2,1,2,1,1,2,1,,,,
2020-04-10,1052,125,149,42,112,850,150,235,26,443,103,49,15,40,108,358,5,14,88,10,113,504,161,28,19,92,42,10,72,36,11,10,79,10,15,4,22,17,124,49,9,7,23,7,35,6,13,73,6,5,15,12,44,8,37,3,20,8,9,5,24,24,9,9,1,2,4,3,10,12,7,8,5,4,2,3,2,2,2,1,3,1,1,2,1,,,,
2020-04-11,1113,133,155,49,115,894,161,243,26,490,107,53,15,42,112,375,5,18,89,15,116,529,175,34,24,96,49,10,74,41,11,10,80,11,15,4,24,20,134,52,9,7,23,10,36,6,13,78,6,7,15,12,51,8,40,3,23,8,10,6,25,27,14,10,1,2,5,3,11,13,8,8,5,4,3,3,2,2,3,1,4,1,1,2,1,2,,,
2020-04-12,1152,154,168,50,117,943,176,257,27,503,110,61,16,45,114,417,5,20,94,14,117,535,198,36,26,105,53,10,75,41,11,10,83,13,15,5,28,19,139,54,10,7,23,11,39,6,16,81,6,9,16,13,58,9,50,3,24,8,11,7,27,33,14,10,1,2,6,3,15,17,8,8,6,5,3,3,2,2,5,1,4,1,1,2,1,2,,,
2020-04-13,1197,167,174,53,121,1012,184,262,28,514,112,68,16,49,117,443,5,20,96,14,121,558,201,43,31,114,91,11,76,39,12,12,86,14,16,8,30,19,144,54,10,8,24,12,41,6,17,84,7,10,17,13,83,9,54,3,24,8,12,7,27,37,14,11,1,2,5,3,16,19,8,9,6,8,3,3,2,2,5,1,4,1,1,2,2,2,,,
2020-04-14,1239,171,187,57,127,1053,191,273,28,540,116,69,16,50,121,469,5,20,99,14,122,576,205,43,32,115,110,11,78,44,12,14,86,14,18,6,31,20,146,61,10,8,24,13,44,6,19,90,7,12,17,13,97,10,51,3,24,8,13,7,27,46,15,11,1,2,5,3,17,20,8,10,7,11,3,3,2,2,5,2,4,1,1,3,2,4,,,
2020-04-15,1281,176,199,58,133,1102,203,294,28,596,122,82,16,52,124,486,6,21,108,14,125,594,211,44,36,123,164,11,85,49,12,16,88,14,23,6,31,23,158,64,10,8,23,13,47,6,23,92,7,12,17,13,172,11,56,3,24,8,14,8,27,51,18,12,1,2,8,3,20,21,8,14,10,11,6,3,2,2,5,4,4,2,2,3,3,3,1,,
2020-04-16,1331,204,203,59,148,1212,221,310,29,644,126,92,16,55,127,512,5,23,114,16,127,615,213,48,45,136,276,11,89,60,12,19,92,14,23,6,33,25,162,67,11,8,29,14,53,6,26,96,7,12,19,13,196,11,66,3,24,8,14,10,28,57,19,17,1,2,8,3,20,26,8,14,10,12,6,3,2,3,5,4,5,2,2,3,3,4,1,,
2020-04-17,1383,210,213,63,155,1320,245,323,31,682,130,96,16,55,130,547,5,25,119,16,129,658,222,50,54,154,428,12,93,66,13,23,94,15,26,6,33,27,166,73,11,12,27,16,55,6,28,95,7,12,20,13,253,11,72,3,24,8,16,13,28,65,21,21,1,2,8,3,21,28,8,16,10,13,6,3,2,3,5,13,5,2,3,3,3,4,2,,
2020-04-18,1453,221,231,68,164,1403,291,340,31,724,132,98,16,55,131,572,5,26,119,15,129,701,229,60,64,161,983,12,112,71,13,27,94,15,26,6,39,30,168,80,11,13,30,17,57,7,36,97,7,13,20,13,302,11,77,3,26,8,17,14,28,70,22,27,1,2,9,3,21,33,9,19,10,15,7,3,2,3,5,14,7,2,3,4,3,4,2,,
2020-04-19,1466,224,237,68,166,1513,294,350,31,789,135,100,16,56,133,589,6,25,123,16,129,718,232,65,66,167,1834,12,112,72,14,33,102,15,26,6,38,29,176,84,11,13,30,18,65,8,41,97,7,13,21,13,477,12,79,3,28,8,17,17,29,79,22,27,1,3,9,3,21,36,9,20,11,17,8,3,2,3,5,18,9,2,3,5,6,4,2,,
2020-04-20,1577,237,249,73,180,1510,303,370,32,823,139,105,16,57,135,604,5,26,122,20,131,735,235,64,68,182,2073,13,116,72,15,37,100,16,26,6,39,30,180,84,13,13,30,17,65,8,37,99,7,13,21,13,1246,13,81,3,30,9,17,16,28,84,23,29,2,3,9,4,24,29,9,23,12,17,8,3,2,3,5,21,6,2,3,4,4,4,2,,
2020-04-21,1653,251,257,84,184,1557,320,385,34,853,142,113,16,58,139,621,5,28,127,23,133,768,237,66,70,185,2132,16,117,74,15,37,102,16,26,6,39,29,186,92,13,13,30,17,69,7,37,101,7,13,23,13,1635,11,82,3,31,9,20,16,28,88,23,32,2,3,9,4,25,30,10,24,12,20,8,3,2,3,5,22,6,2,4,4,3,5,2,,
2020-04-22,1713,266,261,93,192,1598,332,415,38,878,143,117,16,62,145,635,5,28,128,25,134,785,241,68,80,195,2137,16,118,73,17,44,103,18,26,6,39,30,197,98,13,14,30,17,73,7,36,106,8,13,22,14,1658,11,85,3,31,9,21,18,30,94,28,32,2,3,10,4,25,30,11,25,15,20,16,4,2,4,8,24,6,2,4,4,3,5,2,,
2020-04-23,1768,290,272,95,201,1673,344,447,42,936,148,119,16,62,148,666,5,29,132,24,134,868,250,70,98,208,2161,16,124,76,17,43,104,18,27,6,40,32,206,105,14,15,38,20,75,8,37,109,8,13,22,16,1661,11,88,4,33,10,21,18,30,100,29,34,2,3,11,5,25,30,11,25,15,20,23,4,2,4,7,47,6,2,4,4,3,5,2,,
2020-04-24,1817,294,278,98,208,1768,366,460,42,985,149,126,16,74,154,688,5,30,137,25,134,932,251,73,103,214,2169,17,128,77,18,44,105,19,27,6,40,34,213,122,15,16,47,20,80,8,38,108,8,13,22,16,1659,12,91,3,33,12,24,18,30,108,29,35,2,3,11,5,25,35,12,26,15,21,28,4,2,4,8,49,6,2,4,4,4,6,2,,
2020-04-25,1867,303,287,101,216,1839,374,475,48,1033,153,128,16,75,157,721,5,32,138,27,135,975,256,77,107,219,2172,18,131,77,19,47,108,20,27,6,41,34,214,132,15,18,51,20,93,12,39,110,8,13,22,18,1662,12,100,3,35,11,24,19,30,108,30,37,3,3,11,5,25,35,12,26,15,23,27,4,2,4,8,51,6,2,4,4,4,11,2,,
2020-04-26,1902,310,293,106,225,1942,377,485,50,1104,160,137,16,75,157,737,6,33,143,28,135,1005,260,78,110,223,2178,18,133,77,19,46,108,19,28,6,43,34,220,133,15,18,50,20,94,12,39,114,9,13,23,18,1658,13,104,3,37,11,24,19,30,106,30,37,3,3,11,5,25,35,13,34,15,23,29,4,2,4,8,54,6,2,4,4,5,14,4,,
2020-04-27,1938,312,295,114,234,2005,395,500,57,1130,159,146,16,75,158,764,6,43,148,29,136,1048,262,76,110,228,2188,18,124,76,19,49,110,19,28,6,45,35,221,139,15,18,52,19,94,12,41,116,10,14,24,18,1698,14,114,3,39,11,24,19,30,103,31,37,3,3,11,5,25,36,12,34,15,22,29,4,2,4,8,54,6,2,4,4,5,16,4,,
2020-04-28,1984,324,299,118,254,2090,406,542,59,1166,162,148,17,75,160,784,6,48,151,30,136,1091,266,80,113,235,2191,18,131,78,20,52,114,19,28,6,45,37,226,145,15,18,56,19,95,14,41,121,10,15,24,18,1706,14,119,3,42,10,24,20,30,103,32,38,3,3,11,5,25,36,13,36,15,24,31,4,2,4,8,63,6,2,5,4,5,16,4,3,
2020-04-29,2030,333,305,128,261,2216,418,584,60,1208,165,153,17,76,165,804,6,51,153,30,138,1150,279,80,116,247,2196,19,134,81,20,54,115,19,29,6,46,37,230,154,16,18,60,23,95,14,45,129,11,15,24,18,1722,14,125,3,43,10,25,21,30,116,32,37,3,3,11,5,27,37,12,41,15,24,33,5,3,4,8,64,8,2,5,4,5,16,4,5,
2020-04-30,2126,347,308,144,281,2441,452,608,74,1251,167,154,17,76,168,828,7,57,160,29,139,1218,285,81,126,253,2196,22,146,88,20,56,118,21,29,6,46,37,236,164,16,18,63,27,98,14,45,137,11,15,24,21,1732,14,128,3,43,12,24,22,30,121,32,38,3,3,11,6,27,39,12,42,15,25,34,4,3,4,8,67,10,2,5,4,5,18,4,6,
2020-05-01,2217,363,318,153,296,2589,471,639,94,1297,171,155,17,76,170,853,7,57,163,29,142,1297,293,85,136,267,2276,22,160,93,20,56,121,21,31,6,46,37,237,174,16,18,64,28,99,14,48,138,10,16,24,26,1731,14,143,4,43,15,24,24,30,121,33,40,3,3,11,6,27,39,12,45,15,25,36,5,3,4,8,68,11,2,5,4,5,18,4,6,
2020-05-02,2305,379,324,156,318,2698,480,679,109,1331,172,159,17,76,170,883,8,63,168,31,143,1353,311,89,142,274,2294,22,166,99,20,58,122,21,31,6,48,38,243,183,18,19,64,32,100,14,50,140,10,17,25,28,1724,14,149,4,43,17,24,24,30,123,34,40,3,3,11,6,27,40,13,75,16,26,36,5,4,4,8,69,11,2,5,4,5,19,5,6,
2020-05-03,2338,398,331,163,328,2905,490,701,118,1376,172,163,17,77,172,937,9,67,175,31,143,1380,316,90,146,278,2329,24,168,101,20,58,125,21,31,6,48,38,247,187,18,19,67,34,102,15,52,150,10,20,25,29,1729,14,153,4,45,17,24,24,30,124,35,40,3,3,11,6,27,41,13,75,19,26,36,5,3,4,8,69,12,3,5,5,5,19,6,6,
2020-05-04,2398,405,347,174,334,2988,503,716,126,1429,175,169,17,77,173,961,9,70,179,32,144,1434,320,90,149,287,2332,25,172,103,20,60,130,21,31,6,49,39,251,193,19,19,71,36,103,14,56,152,11,20,24,33,1828,14,161,4,45,18,24,26,30,133,35,40,3,3,12,6,27,41,13,75,19,26,41,5,4,5,8,71,12,3,5,5,5,19,6,6,
2020-05-05,2428,414,356,181,346,3097,510,751,133,1478,177,172,17,77,176,998,9,69,184,33,144,1480,328,91,160,292,2335,26,178,109,21,67,133,21,31,6,50,39,254,203,19,19,73,41,105,15,57,155,11,21,24,38,1831,14,166,4,46,21,24,29,30,135,36,44,4,3,13,6,27,42,13,83,19,26,42,5,4,5,8,71,13,3,6,6,5,19,6,8,
2020-05-06,2542,427,363,201,361,3237,518,787,144,1527,184,181,17,79,180,1024,12,71,190,34,144,1527,332,92,165,297,2347,26,179,110,21,71,137,21,31,6,50,39,262,210,20,19,73,40,106,15,60,158,11,21,24,42,1836,14,173,4,48,22,24,30,30,139,36,44,4,3,13,6,27,42,13,83,20,26,42,5,4,5,8,71,13,3,6,7,6,20,6,8,
2020-05-07,2591,450,371,205,372,3377,528,831,153,1583,185,184,18,79,187,1044,12,74,196,34,145,1572,345,94,169,311,2350,28,188,110,21,75,146,21,32,6,52,39,265,212,20,23,73,41,111,16,65,162,11,23,24,42,1841,14,177,4,49,23,25,30,31,138,36,44,4,3,16,7,27,44,13,83,20,26,43,5,5,5,8,73,15,3,6,7,5,20,6,9,
2020-05-08,2668,464,392,216,404,3615,537,867,168,1665,190,187,19,82,192,1087,12,80,199,37,176,1664,356,103,172,313,2366,28,191,120,21,78,150,23,33,6,52,39,272,220,20,23,78,47,111,16,69,171,11,23,24,62,1842,14,183,4,50,24,26,30,31,139,42,45,4,3,16,7,27,49,13,84,20,27,44,5,8,5,8,75,15,3,8,7,5,20,6,10,
2020-05-09,2755,479,404,229,436,3710,543,880,196,1710,193,189,19,84,194,1104,14,90,211,38,244,1731,369,113,190,319,2381,28,202,122,26,79,162,23,33,6,53,39,274,222,20,23,81,48,113,17,71,177,12,27,24,66,1844,14,188,5,54,25,27,30,31,144,42,46,5,3,16,7,28,48,13,84,21,27,44,6,8,5,9,76,13,3,8,7,6,20,6,11,
2020-05-10,2795,500,406,234,452,3777,548,892,211,1757,194,189,19,84,197,1119,14,93,220,38,268,1757,390,118,192,325,2387,28,206,123,26,80,162,23,34,6,59,39,276,224,20,23,83,49,114,18,72,177,12,27,25,67,1845,14,188,6,54,25,27,31,31,144,42,46,5,3,17,8,28,51,14,84,21,28,44,6,10,5,9,76,13,3,8,8,6,20,6,11,
2020-05-11,2861,511,408,258,479,3881,554,915,216,1806,195,191,19,89,199,1144,15,98,222,38,313,1823,422,121,193,336,2404,28,209,125,26,83,164,24,35,6,63,39,280,225,20,23,84,52,114,19,77,178,12,27,25,84,1933,14,188,6,56,27,27,31,32,146,43,47,5,3,17,8,28,53,14,87,21,28,44,6,19,5,9,76,13,3,9,8,6,22,6,12,
2020-05-12,2908,515,413,266,496,4002,560,930,223,1836,203,195,19,90,203,1150,15,104,232,39,314,1859,433,130,199,343,2412,28,213,125,26,85,172,24,35,6,67,39,275,229,20,23,87,53,114,19,79,188,14,27,25,86,1955,14,190,6,56,31,27,32,33,154,46,49,5,3,20,8,28,55,14,87,21,28,44,6,22,5,9,77,13,3,10,8,6,22,7,15,
2020-05-13,2979,526,420,276,509,4113,569,946,229,1858,205,198,19,93,206,1163,15,114,234,39,316,1886,442,135,208,354,2419,28,237,129,26,86,175,24,36,6,68,40,280,229,20,23,88,53,115,21,86,191,14,27,26,90,1958,14,192,6,56,32,27,32,33,155,47,52,5,3,21,8,28,55,14,91,21,29,44,6,25,5,10,77,13,3,10,9,6,28,8,15,
2020-05-14,3066,538,432,296,542,4227,576,976,235,1883,207,206,19,95,210,1174,15,122,240,40,317,1927,468,143,212,367,2431,28,252,136,26,86,180,24,37,6,70,42,284,233,20,23,93,54,116,20,89,198,14,27,27,109,1990,15,194,6,58,31,27,32,34,164,51,56,5,3,21,10,28,56,15,93,22,30,44,7,28,5,10,77,13,3,10,9,6,29,8,15,
2020-05-15,3156,548,440,300,558,4330,585,989,246,1921,210,212,20,102,214,1185,15,131,241,39,326,1961,489,150,223,397,2436,30,259,144,26,88,182,24,38,6,73,44,289,237,21,24,95,56,116,22,92,203,14,28,27,115,2005,15,198,8,59,31,29,34,35,164,54,57,5,3,22,10,28,58,15,97,22,29,46,8,53,5,11,80,13,3,10,10,6,31,9,16,
2020-05-16,3223,553,447,318,578,4420,589,995,258,1945,212,220,20,111,219,1199,15,138,257,40,327,2007,500,155,229,415,2449,31,269,149,26,97,184,24,39,7,75,45,290,241,21,24,98,56,116,23,94,203,14,30,27,121,2011,15,200,8,59,34,29,34,34,165,54,65,5,4,22,10,28,58,15,97,24,30,47,8,53,5,11,80,14,3,10,11,6,59,9,16,
2020-05-17,3321,558,450,328,591,4493,595,1004,264,1960,216,220,19,118,224,1212,15,139,258,41,332,2047,504,159,232,420,2500,35,275,152,26,102,185,25,39,7,75,45,292,249,22,23,98,56,116,23,94,205,16,31,27,133,2018,15,201,8,61,35,29,34,34,167,54,65,5,4,22,11,29,58,15,97,24,30,47,8,55,5,11,82,14,3,10,11,6,61,9,16,
2020-05-18,3410,595,461,341,610,4574,605,1028,269,1986,224,221,20,121,226,1226,15,148,263,42,332,2082,520,161,232,434,2513,37,283,152,27,121,190,26,40,7,78,46,296,257,22,24,99,57,116,23,97,208,15,32,27,141,2021,15,202,9,61,36,30,35,34,168,55,66,5,5,23,13,30,58,15,98,25,30,47,8,56,5,11,84,14,3,10,11,6,61,9,16,
2020-05-19,3463,610,469,343,639,4706,610,1042,272,1999,229,226,21,126,231,1247,15,155,266,43,332,2138,531,165,244,453,2524,36,285,156,28,124,190,26,41,7,78,46,297,257,23,24,100,62,116,23,98,215,15,31,27,148,2025,15,206,13,61,38,31,35,34,171,55,64,6,5,23,13,30,59,16,101,26,30,47,8,56,5,11,84,14,3,12,11,6,61,10,16,
2020-05-20,3512,620,478,352,671,4793,620,1077,281,2021,237,231,22,134,235,1252,17,166,277,44,337,2167,539,166,250,457,2540,37,292,160,30,124,197,26,43,8,85,46,298,254,23,25,102,63,116,25,101,217,16,32,28,162,2029,16,209,13,62,40,33,35,35,172,57,64,6,4,23,15,30,60,15,104,28,30,48,8,59,5,12,84,14,3,12,11,6,63,10,16,
2020-05-21,3667,642,499,362,699,4885,624,1141,293,2056,245,241,22,142,246,1277,17,178,280,46,337,2228,554,170,263,467,2557,40,309,167,30,131,199,26,43,7,86,47,303,259,23,32,105,63,116,25,103,222,16,33,27,163,2031,16,211,13,62,42,33,35,35,176,55,66,6,5,23,15,30,60,16,104,29,33,47,8,65,5,12,84,14,4,13,11,6,63,10,17,
2020-05-22,3762,655,507,374,734,4996,626,1183,301,2071,258,248,23,146,252,1295,17,184,282,48,337,2279,561,178,272,476,2581,40,310,170,32,133,200,28,43,7,86,47,308,261,23,33,128,63,116,26,104,229,16,34,28,170,2033,16,242,13,62,43,33,35,36,178,56,66,6,5,24,20,30,61,17,103,29,37,48,8,71,5,12,84,14,5,13,11,6,64,10,18,
2020-05-23,3851,670,514,381,750,5097,637,1204,306,2087,274,250,24,147,263,1317,17,195,292,49,346,2349,578,179,274,477,2608,42,319,177,32,137,201,28,43,7,92,48,309,269,23,38,132,65,116,26,104,233,18,34,28,178,2038,17,248,13,62,44,36,35,37,184,58,87,6,5,24,22,30,62,17,104,30,38,51,8,71,5,13,85,14,6,14,11,5,64,10,19,
2020-05-24,3927,682,525,384,776,5188,641,1220,312,2107,288,256,24,151,267,1334,17,206,296,52,348,2403,593,183,277,478,2617,43,328,181,32,155,204,28,43,7,93,48,310,274,23,37,133,65,117,26,104,240,18,34,28,184,2042,18,248,14,62,45,36,36,40,189,59,90,6,5,24,25,31,63,18,104,31,40,51,8,71,5,13,85,15,6,14,11,5,65,10,19,
2020-05-25,3963,685,529,390,802,5310,648,1236,318,2126,302,257,24,153,268,1341,18,223,300,55,348,2458,605,186,281,609,2619,45,336,188,32,157,207,28,43,7,93,48,314,276,23,37,134,68,117,26,104,240,18,37,28,190,2043,19,250,14,62,45,36,36,41,191,64,91,6,5,25,27,30,66,18,104,31,41,52,8,71,5,13,87,15,6,15,11,5,65,10,19,
2020-05-26,4060,697,540,402,817,5414,653,1277,321,2152,307,258,26,156,282,1347,19,225,302,55,351,2492,609,187,283,657,2623,46,340,193,32,159,214,28,43,7,94,48,316,277,23,37,141,70,117,27,106,246,19,37,28,200,2046,19,252,18,63,45,36,35,40,191,64,92,6,6,25,28,30,66,18,104,32,41,52,8,73,5,13,87,15,6,15,12,5,69,10,19,
2020-05-27,4137,700,544,403,826,5486,659,1315,326,2162,310,261,34,156,287,1367,19,231,302,55,351,2523,617,189,316,682,2628,46,344,197,33,163,218,29,43,7,98,48,313,280,23,37,144,70,118,27,110,248,19,37,28,201,2046,19,256,18,65,46,37,36,40,201,64,94,6,6,25,29,31,67,18,104,33,41,52,8,74,5,13,87,15,6,15,12,5,69,10,19,
2020-05-28,4211,705,551,412,847,5566,667,1335,337,2178,313,272,37,162,290,1397,19,234,310,56,352,2555,637,193,324,684,2642,49,351,202,33,165,222,30,43,7,101,51,318,282,23,37,148,72,118,27,110,251,22,39,29,201,2048,20,260,18,66,48,38,37,40,206,65,93,6,6,28,29,33,67,18,104,34,42,51,8,75,5,13,88,15,6,15,13,5,69,10,19,
2020-05-29,4318,716,562,419,862,5674,672,1380,339,2202,328,277,38,167,302,1405,20,252,320,56,355,2603,651,197,330,739,2657,51,359,206,33,167,230,30,43,7,101,50,322,285,24,37,152,73,118,27,110,258,23,40,30,203,2050,20,266,18,67,50,39,39,40,212,71,95,6,6,28,32,35,68,18,105,34,45,54,9,77,5,14,90,15,6,15,13,6,69,10,19,
2020-05-30,4369,723,569,428,874,5773,678,1390,342,2241,337,282,38,167,306,1428,20,277,331,57,355,2642,656,199,338,743,2660,51,366,206,33,171,243,30,43,9,101,50,323,287,25,38,152,73,118,27,114,259,23,40,30,210,2050,20,272,18,67,50,40,40,41,211,73,99,6,6,28,34,35,71,18,107,35,60,54,9,78,5,14,91,15,6,15,14,6,69,10,21,1
2020-05-31,4444,727,573,429,893,5862,687,1420,343,2267,337,284,40,170,308,1431,20,285,337,58,357,2672,663,200,339,793,2666,52,373,211,34,172,248,31,43,8,101,50,325,294,25,39,156,79,118,28,114,267,25,40,30,211,2074,20,274,18,67,52,41,41,43,212,73,99,6,6,29,39,37,71,18,107,35,61,55,10,78,5,14,92,16,6,15,14,6,69,10,21,
2020-06-01,4508,736,582,435,909,5933,692,1453,349,2277,346,286,40,174,309,1438,20,295,337,60,358,2698,684,201,340,875,2668,52,378,213,34,175,249,31,43,8,103,50,327,295,25,39,155,81,118,28,115,280,25,40,30,216,2086,20,277,18,67,52,42,44,43,212,72,103,8,6,29,43,39,72,18,107,36,61,55,10,79,5,14,93,18,6,16,14,6,69,10,21,
2020-06-02,4581,743,584,438,919,5996,702,1475,352,2282,356,292,41,181,309,1456,20,298,340,60,361,2721,688,205,340,881,2674,52,383,215,34,178,258,31,43,8,102,51,329,300,25,40,157,82,118,28,116,301,26,40,30,217,2092,21,281,18,66,52,45,44,43,212,75,103,8,7,28,45,39,73,19,107,36,61,55,10,79,5,14,93,17,6,16,14,6,70,10,21,
2020-06-03,4669,752,584,439,933,6112,709,1487,360,2296,366,295,40,184,318,1463,21,306,344,60,362,2739,695,209,345,889,2679,55,390,216,34,182,265,31,45,8,102,51,332,303,25,40,162,85,118,28,117,310,26,40,30,220,2095,24,288,18,67,52,44,45,46,214,76,102,9,7,30,46,39,73,19,107,36,64,56,10,79,5,14,95,17,6,17,14,6,70,10,21,
2020-06-04,4732,782,594,447,948,6216,722,1505,367,2313,376,300,45,189,320,1466,21,313,355,61,366,2767,720,216,347,891,2686,55,398,218,34,185,267,34,45,8,105,53,333,304,25,43,163,85,118,28,118,314,26,41,31,223,2096,26,293,18,67,54,48,45,46,219,77,104,9,7,30,54,39,73,19,108,38,71,56,11,80,5,14,95,17,6,17,14,6,70,10,21,
2020-06-05,4789,803,600,449,975,6323,730,1529,371,2329,376,303,48,190,325,1486,23,323,360,61,367,2811,734,222,369,894,2688,56,407,219,34,184,271,35,47,8,106,53,335,306,25,43,164,91,118,28,118,318,29,41,30,227,2099,26,296,18,67,56,48,45,47,221,77,107,9,7,31,57,39,73,19,108,38,73,58,11,80,5,14,95,18,6,17,15,6,70,10,21,
2020-06-06,4827,813,607,450,985,6406,737,1540,376,2340,382,306,48,191,327,1502,24,336,366,62,373,2831,766,223,372,894,2689,58,413,224,35,184,275,36,47,9,108,54,338,308,26,43,164,94,118,29,118,321,29,42,30,230,2099,27,296,18,68,56,48,45,47,222,78,109,9,8,31,60,39,73,20,108,41,73,58,11,80,6,14,96,18,6,19,15,6,71,10,20,
2020-06-07,4858,817,612,451,999,6512,747,1548,378,2348,387,309,48,193,331,1511,24,355,368,63,374,2860,791,231,372,896,2691,58,419,227,36,189,277,36,47,9,111,56,339,307,28,44,166,95,118,33,120,326,29,42,30,233,2106,27,298,18,68,56,48,46,49,222,78,109,9,8,31,68,39,74,20,108,42,73,58,11,80,6,14,97,18,6,18,15,6,71,10,20,
2020-06-08,4910,821,616,453,1013,6586,755,1571,381,2354,388,313,48,193,334,1516,24,371,369,63,375,2891,817,232,374,899,2694,58,427,232,37,190,280,36,48,9,114,58,341,308,29,46,167,97,118,34,121,333,30,43,30,237,2108,27,300,18,69,57,48,50,49,224,80,109,9,8,31,69,39,74,20,108,43,76,58,11,81,6,14,97,19,6,19,15,6,74,10,21,
2020-06-09,4939,827,618,455,1034,6667,757,1592,382,2372,390,317,48,194,337,1522,25,377,378,64,376,2918,835,232,375,901,2695,61,443,234,38,191,284,36,48,9,120,60,344,308,29,46,167,98,118,35,121,336,30,43,30,237,2109,28,301,18,69,57,48,51,49,227,80,112,9,8,32,69,39,75,21,108,44,77,58,11,81,6,14,98,19,6,19,16,6,73,10,21,
2020-06-10,5011,839,620,460,1045,6741,762,1621,389,2390,394,327,48,195,337,1529,26,384,384,64,379,2975,847,234,377,903,2697,61,461,237,39,191,285,36,49,9,122,60,346,312,29,46,167,102,118,34,121,342,31,43,30,239,2110,28,302,22,69,55,48,52,49,229,81,111,9,8,32,72,40,77,21,108,44,78,58,12,83,6,14,99,19,6,19,16,6,73,10,21,
2020-06-11,5057,845,625,462,1048,6844,772,1623,392,2394,394,331,49,210,338,1563,26,394,387,71,380,3011,874,238,382,911,2699,62,473,235,40,191,287,36,50,9,129,61,348,314,30,47,167,102,117,34,123,348,33,44,32,242,2121,29,304,23,69,55,49,52,49,233,82,111,10,9,36,74,40,78,22,110,44,87,58,12,83,6,14,100,19,6,19,16,6,73,10,21,
2020-06-12,5112,847,642,463,1065,6918,779,1638,397,2411,397,331,50,220,344,1576,26,400,389,72,382,3078,901,242,381,914,2701,62,497,236,40,191,297,36,52,9,132,61,352,316,31,47,168,102,117,34,122,353,32,44,32,244,2115,29,304,23,69,56,48,52,49,232,84,114,9,10,37,84,41,79,22,110,44,87,58,12,83,6,14,100,19,6,19,16,6,73,10,21,
2020-06-13,5144,855,652,466,1080,7030,786,1655,398,2419,396,331,51,222,346,1586,28,403,394,74,384,3130,934,246,382,916,2704,62,508,237,40,209,305,37,52,9,133,61,352,320,31,48,168,102,118,34,122,360,33,44,32,243,2123,29,304,23,70,57,48,52,49,238,84,116,9,10,38,87,42,79,23,110,44,92,58,14,82,6,14,101,21,6,20,16,6,73,10,22,
2020-06-14,5175,863,656,467,1090,7076,794,1666,399,2428,397,334,51,222,347,1595,28,409,398,77,386,3185,969,249,385,917,2706,62,512,238,40,210,312,37,53,9,135,61,353,321,31,48,168,103,118,34,122,364,34,45,32,245,2125,29,306,23,70,57,48,53,49,240,85,117,9,13,39,87,43,79,23,110,44,93,58,15,82,6,14,101,21,6,20,16,6,73,10,22,
2020-06-15,5220,870,658,469,1103,7202,804,1675,405,2457,398,337,51,222,348,1600,28,425,402,77,388,3250,992,252,390,920,2706,62,517,240,40,213,314,37,54,9,143,61,353,321,32,48,168,104,118,35,123,370,34,45,34,246,2126,29,308,23,71,58,48,53,49,241,85,118,9,14,38,90,44,79,23,110,44,93,59,15,82,6,16,101,21,6,20,16,6,73,10,22,
2020-06-16,5271,881,665,469,1120,7289,807,1706,406,2460,400,342,52,222,350,1607,29,460,403,79,388,3316,1026,253,392,921,2712,62,525,244,40,215,317,37,54,9,151,61,354,329,33,48,168,104,118,36,123,374,34,45,35,247,2125,29,311,23,71,58,49,53,49,241,86,118,9,14,38,92,44,81,24,110,44,94,59,17,82,6,17,101,21,7,20,16,6,73,11,22,
2020-06-17,5336,891,675,472,1129,7365,814,1712,405,2462,402,344,53,223,354,1606,31,502,403,81,392,3374,1058,257,397,923,2712,63,532,252,40,215,321,37,54,9,150,61,359,329,33,48,169,104,118,36,122,387,35,45,37,253,2128,30,313,24,71,60,50,53,50,242,86,118,11,14,39,92,45,81,24,110,44,96,59,17,82,6,17,101,21,8,20,16,6,73,11,22,
2020-06-18,5404,908,682,472,1153,7487,822,1722,408,2468,404,349,54,227,356,1619,37,568,410,95,393,3508,1118,260,402,940,2713,67,549,256,40,215,324,37,54,9,156,62,364,331,33,48,170,106,119,37,122,392,35,45,40,253,2131,30,316,24,71,61,50,53,50,246,87,118,12,14,40,101,46,82,25,110,44,105,59,18,82,6,17,102,21,9,21,16,6,73,11,22,
2020-06-19,5481,918,693,476,1166,7590,825,1735,409,2478,406,353,56,227,358,1632,37,606,412,96,397,3634,1174,266,406,954,2715,69,559,266,40,216,329,38,54,9,158,62,366,332,33,48,172,109,119,37,122,398,37,45,42,255,2135,30,321,24,74,61,55,53,51,247,89,118,12,15,41,109,49,82,25,110,44,106,59,18,82,6,18,103,21,9,21,16,6,73,11,22,
2020-06-20,5555,927,698,477,1194,7694,831,1743,416,2483,407,355,59,228,364,1639,39,639,419,97,399,3744,1214,269,402,956,2715,71,571,275,42,217,330,39,54,9,165,62,367,333,33,48,174,109,119,37,122,404,37,45,42,257,2137,31,323,24,74,63,55,53,51,248,89,118,13,16,43,111,50,84,26,110,44,107,59,18,82,6,18,103,21,9,22,16,6,73,11,22,1
2020-06-21,5633,942,711,484,1201,7794,843,1756,429,2490,413,357,60,227,367,1654,39,653,427,110,400,3829,1263,271,407,961,2715,71,584,279,42,217,331,41,55,9,169,62,369,334,34,48,174,109,119,37,122,409,39,45,44,258,2139,31,327,25,74,64,55,53,51,251,90,119,14,16,43,127,51,84,26,110,45,107,59,18,82,6,18,105,21,9,23,16,6,73,11,22,
2020-06-22,5734,957,726,493,1223,7915,854,1780,436,2511,416,361,60,228,369,1665,40,670,433,122,405,4020,1292,277,410,975,2713,71,594,287,42,218,337,42,55,9,175,63,369,337,34,50,175,110,120,37,122,414,39,45,45,257,2141,31,330,25,74,65,55,53,52,253,90,122,17,16,45,136,52,85,26,110,46,107,60,19,82,6,19,105,22,9,23,16,6,74,11,22,
2020-06-23,5820,960,742,500,1248,8029,867,1796,444,2516,426,363,60,228,373,1669,44,688,439,127,410,4098,1345,280,411,983,2713,73,614,288,43,218,340,42,55,9,177,64,371,342,34,50,176,110,120,37,125,426,39,45,48,258,2144,32,332,26,74,67,55,54,52,255,91,122,17,18,45,152,51,86,26,110,46,107,60,19,83,6,21,105,27,9,23,16,6,74,11,22,
2020-06-24,5964,963,756,506,1269,8144,878,1809,449,2527,434,369,64,228,381,1680,45,697,441,129,411,4189,1392,285,412,984,2714,73,629,294,43,219,344,43,55,9,183,65,379,344,34,50,177,110,120,37,125,433,39,45,52,259,2148,31,338,28,74,69,55,54,52,257,91,123,17,19,47,162,51,87,26,110,47,107,60,19,83,6,21,106,28,9,23,16,6,74,12,22,
2020-06-25,6111,977,771,516,1301,8310,889,1839,454,2534,441,372,64,230,390,1682,46,703,449,144,413,4337,1465,296,413,1033,2717,73,649,300,43,221,351,46,55,9,187,68,382,345,36,51,179,112,120,37,126,438,39,45,55,259,2150,31,343,29,75,71,55,54,55,261,93,124,19,20,50,169,55,89,26,111,49,108,60,20,83,6,22,107,28,10,23,17,6,75,12,22,
2020-06-26,6287,990,788,519,1322,8511,901,1863,462,2538,451,378,66,231,393,1695,45,712,458,147,418,4491,1527,300,412,1087,2717,74,698,307,43,223,358,46,56,10,189,69,395,350,37,52,181,114,122,37,127,448,42,45,55,265,2157,31,346,29,76,72,57,56,55,264,96,126,20,21,51,176,57,96,26,111,51,108,62,20,85,7,22,109,31,10,24,17,7,76,12,22,
2020-06-27,6429,1008,800,521,1350,8694,912,1884,475,2549,460,379,67,233,405,1705,45,722,461,153,421,4661,1553,306,412,1093,2719,76,708,319,44,225,371,47,56,10,193,71,400,354,38,54,182,114,122,37,129,458,43,45,57,265,2162,31,348,30,76,73,57,56,55,265,96,127,20,21,52,184,57,97,26,113,51,111,63,20,85,7,22,110,33,11,26,17,8,76,12,22,
2020-06-28,6571,1016,809,523,1371,8840,925,1896,486,2567,464,382,70,233,415,1720,46,727,471,159,425,4794,1603,310,415,1197,2721,77,725,327,45,225,381,48,60,10,194,69,407,363,38,56,184,115,122,37,130,470,43,45,59,266,2164,31,350,30,76,74,57,57,56,269,98,127,20,21,53,190,59,100,26,113,58,111,63,20,85,7,22,112,34,11,27,17,9,76,12,22,
2020-06-29,6694,1026,824,524,1388,8982,937,1920,498,2584,469,383,75,233,422,1736,51,728,482,165,431,4922,1646,312,419,1202,2724,77,731,336,45,226,396,50,60,11,201,72,409,368,38,56,185,120,124,37,132,476,42,46,60,266,2169,32,352,32,76,73,57,57,58,284,98,127,20,23,53,197,60,105,28,114,59,111,63,21,85,7,22,113,34,11,28,17,9,76,12,22,
2020-06-30,6831,1042,834,528,1405,9148,947,1953,507,2600,480,387,76,234,433,1741,53,729,494,170,437,5010,1704,314,420,1205,2726,77,738,347,45,228,404,51,61,14,208,76,412,376,39,58,187,122,124,37,135,481,42,46,63,270,2170,33,353,33,76,73,58,57,58,293,99,129,20,24,52,202,62,107,30,114,59,111,65,21,85,9,23,113,35,11,29,17,9,76,12,22,
2020-07-01,7013,1052,863,534,1448,9338,962,1969,515,2628,491,390,81,236,443,1752,55,739,518,177,442,5224,1784,318,421,1209,2731,80,757,356,48,229,416,51,62,14,222,76,418,384,39,58,188,122,127,38,135,503,43,46,65,272,2176,33,354,37,80,73,58,57,59,297,99,130,20,27,53,204,66,109,30,115,60,113,65,21,86,9,23,115,36,11,29,17,11,76,12,22,
2020-07-02,7013,1052,863,534,1448,9338,962,1969,515,2628,491,390,81,236,443,1752,55,739,518,177,442,5224,1784,318,421,1209,2731,80,757,356,48,229,416,51,62,14,222,76,418,384,39,58,188,122,127,38,135,503,43,46,65,272,2176,33,354,37,80,73,58,57,59,297,99,130,20,27,53,204,66,109,30,115,60,113,65,21,86,9,23,115,36,11,29,17,11,76,12,22,1301
2020-07-03,7392,1079,916,543,1511,9825,983,2079,529,2669,506,399,90,245,480,1805,58,761,541,199,455,5605,1918,325,425,1288,2730,80,814,390,49,234,442,58,66,14,244,78,428,404,45,58,192,126,130,39,134,529,44,46,67,278,2184,33,359,43,83,76,58,61,64,305,104,139,22,32,54,220,70,113,32,116,67,120,68,22,88,11,23,126,38,11,29,18,11,78,12,22,
2020-07-04,7571,1091,925,544,1547,10023,997,2110,541,2700,508,400,94,246,492,1818,58,765,553,211,455,5770,1931,332,431,1295,2730,82,823,394,50,236,466,58,68,16,248,78,432,412,48,58,193,127,131,39,135,543,44,46,68,280,2188,33,360,49,87,81,58,61,65,308,106,143,23,34,56,226,73,118,32,116,68,120,69,23,88,11,23,127,38,12,29,22,11,78,12,22,
2020-07-05,7724,1107,939,546,1576,10271,1021,2131,552,2723,516,405,97,248,497,1825,59,765,568,215,463,5924,1981,337,433,1303,2732,85,839,400,50,242,477,59,68,17,251,78,440,421,51,62,195,134,132,40,135,559,45,46,70,281,2191,33,362,56,87,83,58,61,68,315,106,143,23,35,56,231,73,124,34,116,70,123,70,22,89,11,23,128,38,12,29,23,11,78,12,22,
2020-07-06,7883,1123,967,549,1599,10410,1035,2143,567,2752,523,407,111,251,500,1832,59,766,582,220,466,6019,2034,345,435,1307,2734,86,860,414,51,244,493,59,68,18,258,79,442,428,51,62,197,136,135,40,135,572,45,46,71,282,2197,34,363,59,88,83,59,61,68,321,107,149,23,35,57,236,73,127,35,116,74,123,71,24,89,11,25,128,41,12,30,23,11,78,12,22,
2020-07-07,8048,1133,974,554,1637,10587,1051,2175,568,2788,536,408,127,253,508,1849,60,772,588,223,472,6158,2134,347,436,1306,2734,89,881,422,51,246,496,59,68,18,276,79,449,436,52,64,199,137,135,41,136,585,45,46,72,287,2201,34,363,63,91,86,59,62,69,323,107,150,24,38,58,239,78,130,35,117,74,123,72,24,89,11,26,129,45,12,30,24,11,78,12,22,
2020-07-08,8277,1156,997,555,1674,10879,1064,2241,585,2836,543,414,130,253,529,1861,62,780,617,228,475,6287,2201,351,437,1309,2736,92,895,431,53,250,520,60,68,20,287,83,461,452,53,65,202,138,140,44,136,605,46,48,74,290,2205,35,365,79,92,89,60,63,70,328,107,160,24,42,59,245,80,132,37,118,76,123,72,24,89,11,26,132,54,12,32,26,11,79,12,22,
2020-07-09,8518,1171,1014,558,1721,11122,1073,2269,590,2859,548,415,132,253,551,1885,62,784,645,234,486,6396,2283,359,438,1324,2737,92,918,436,54,260,536,60,70,20,300,84,477,461,53,66,206,142,142,46,137,614,47,51,79,294,2206,36,367,91,95,92,61,65,72,338,109,161,27,43,59,252,81,136,40,120,76,123,72,24,89,11,27,133,56,12,32,27,13,79,12,22,
2020-07-10,8786,1196,1032,567,1767,11433,1097,2299,601,2889,566,425,141,253,570,1907,63,793,675,238,503,6563,2378,363,445,1350,2740,93,945,453,53,267,560,64,79,20,322,85,487,474,53,68,213,157,144,51,138,643,49,55,82,295,2216,40,372,111,105,96,62,66,74,348,109,166,27,45,60,257,82,139,41,121,79,123,74,25,89,12,28,134,65,12,33,27,13,80,12,23,
2020-07-11,8979,1214,1045,569,1821,11724,1120,2327,604,2952,582,425,142,256,589,1928,67,800,698,240,506,6781,2440,371,447,1378,2745,93,977,473,53,271,568,67,81,20,343,86,492,488,53,71,216,160,146,51,138,667,50,55,83,299,2222,41,372,139,109,100,63,67,74,356,109,173,28,47,61,259,90,144,44,120,82,123,76,26,89,11,30,137,67,13,33,28,14,80,13,23,
2020-07-12,9208,1225,1053,570,1863,12035,1152,2351,609,3007,589,428,142,259,609,1948,68,816,724,247,510,6950,2513,378,448,1385,2748,102,1009,497,54,286,583,70,89,21,346,86,502,494,55,71,222,169,146,55,141,692,53,55,86,302,2227,41,373,167,115,104,63,67,75,366,111,193,29,49,63,261,91,148,46,121,81,123,76,26,89,11,32,142,71,13,35,30,14,81,14,23,
2020-07-13,9359,1244,1066,573,1897,12301,1189,2382,621,3079,599,431,143,261,627,1971,69,820,763,260,514,7046,2579,390,452,1395,2755,115,1018,515,55,301,600,71,91,21,365,87,509,510,57,71,225,176,147,57,140,719,58,58,92,304,2229,44,376,192,127,106,66,68,77,385,112,217,29,49,62,262,96,150,48,127,82,125,77,28,89,12,34,145,77,13,37,31,14,83,13,23,
2020-07-14,9509,1252,1071,572,1942,12574,1208,2420,628,3110,614,436,155,261,643,1996,78,832,784,264,520,7179,2647,392,452,1405,2757,119,1068,532,56,308,619,71,92,21,380,92,507,515,59,73,230,180,149,60,140,751,58,58,93,304,2235,43,378,201,132,106,66,71,78,391,112,219,29,50,62,264,96,154,50,129,83,125,77,28,89,13,35,146,80,13,38,32,14,84,13,23,
2020-07-15,9784,1271,1084,572,1975,12823,1226,2459,641,3162,633,447,155,262,661,2007,87,840,806,271,536,7279,2724,403,453,1411,2759,128,1098,552,58,317,640,72,97,24,385,98,518,519,61,75,233,186,153,61,140,773,58,58,97,307,2246,44,384,220,135,110,68,72,77,399,113,235,31,51,64,267,97,158,52,130,83,126,78,30,89,13,38,148,87,15,38,33,14,90,13,24,
2020-07-16,9985,1294,1094,575,2012,13099,1243,2499,655,3214,646,448,160,262,679,2027,90,851,829,275,539,7415,2777,412,460,1418,2764,130,1124,570,62,327,664,76,97,24,411,103,525,529,65,77,237,191,158,61,146,787,61,58,103,313,2249,48,387,234,140,112,70,74,79,410,115,237,33,52,65,278,102,161,53,132,85,129,86,30,89,13,39,153,90,17,40,34,14,90,16,24,
