,Delaware,Wayne,Montgomery,Monroe,Philadelphia,Bucks,Northampton,Pike,Chester,Cumberland,Washington,Allegheny,Lehigh,Luzerne,Beaver,Adams,Berks,Lackawanna,York,Lancaster,Lebanon,Westmoreland,Centre,Erie,Franklin,Potter,Butler,Montour,Columbia,Dauphin,Fayette,Mercer,Schuylkill,Cambria,Armstrong,Bradford,Carbon,Clearfield,Juniata,Somerset,Greene,Lawrence,Lycoming,Warren,Blair,Crawford,Indiana,Susquehanna,Northumberland,Cameron,Clarion,Huntingdon,McKean,Perry,Snyder,Tioga,Mifflin,Venango,Union,Bedford,Unknown,Forest,Clinton,Sullivan,Wyoming,Fulton,Elk,Jefferson
2020-03-06,0,0,,,,,,,,,,,,,,,,,,,,,,,,,,,,,,,,,,,,,,,,,,,,,,,,,,,,,,,,,,,,,,,,,,
2020-03-07,0,0,0,,,,,,,,,,,,,,,,,,,,,,,,,,,,,,,,,,,,,,,,,,,,,,,,,,,,,,,,,,,,,,,,,
2020-03-08,0,0,0,,,,,,,,,,,,,,,,,,,,,,,,,,,,,,,,,,,,,,,,,,,,,,,,,,,,,,,,,,,,,,,,,
2020-03-09,0,0,0,0,,,,,,,,,,,,,,,,,,,,,,,,,,,,,,,,,,,,,,,,,,,,,,,,,,,,,,,,,,,,,,,,
2020-03-10,0,0,0,0,0,,,,,,,,,,,,,,,,,,,,,,,,,,,,,,,,,,,,,,,,,,,,,,,,,,,,,,,,,,,,,,,
2020-03-11,0,0,0,0,0,0,,,,,,,,,,,,,,,,,,,,,,,,,,,,,,,,,,,,,,,,,,,,,,,,,,,,,,,,,,,,,,
2020-03-12,0,0,0,0,0,0,0,0,,,,,,,,,,,,,,,,,,,,,,,,,,,,,,,,,,,,,,,,,,,,,,,,,,,,,,,,,,,,
2020-03-13,0,0,0,0,0,0,0,0,0,0,0,,,,,,,,,,,,,,,,,,,,,,,,,,,,,,,,,,,,,,,,,,,,,,,,,,,,,,,,,
2020-03-14,0,0,0,0,0,0,0,0,0,0,0,0,,,,,,,,,,,,,,,,,,,,,,,,,,,,,,,,,,,,,,,,,,,,,,,,,,,,,,,,
2020-03-15,0,0,0,0,0,0,0,0,0,0,0,0,0,0,,,,,,,,,,,,,,,,,,,,,,,,,,,,,,,,,,,,,,,,,,,,,,,,,,,,,,
2020-03-16,0,0,0,0,0,0,0,0,0,0,0,0,0,0,,,,,,,,,,,,,,,,,,,,,,,,,,,,,,,,,,,,,,,,,,,,,,,,,,,,,,
2020-03-17,0,0,0,0,0,0,0,0,0,0,0,0,0,0,0,,,,,,,,,,,,,,,,,,,,,,,,,,,,,,,,,,,,,,,,,,,,,,,,,,,,,
2020-03-18,0,0,0,0,0,0,1,0,0,0,0,0,0,0,0,0,0,0,0,,,,,,,,,,,,,,,,,,,,,,,,,,,,,,,,,,,,,,,,,,,,,,,,,
2020-03-19,0,0,0,0,0,0,1,0,0,0,0,0,0,0,0,0,0,0,0,0,0,0,,,,,,,,,,,,,,,,,,,,,,,,,,,,,,,,,,,,,,,,,,,,,,
2020-03-20,0,0,0,0,0,0,1,0,0,0,0,0,0,0,0,0,0,0,0,0,0,0,0,0,0,0,,,,,,,,,,,,,,,,,,,,,,,,,,,,,,,,,,,,,,,,,,
2020-03-21,0,0,0,0,0,0,1,0,0,0,0,1,0,0,0,0,0,0,0,0,0,0,0,0,0,0,0,0,,,,,,,,,,,,,,,,,,,,,,,,,,,,,,,,,,,,,,,,
2020-03-22,0,0,1,0,0,0,1,0,0,0,0,1,0,0,0,0,0,0,0,0,0,0,0,0,0,0,0,0,0,0,0,0,0,,,,,,,,,,,,,,,,,,,,,,,,,,,,,,,,,,,
2020-03-23,0,0,2,1,0,0,1,0,0,0,0,1,0,0,0,0,0,1,0,0,0,0,0,0,0,0,0,0,0,0,0,0,0,0,,,,,,,,,,,,,,,,,,,,,,,,,,,,,,,,,,
2020-03-24,0,0,2,1,0,0,2,0,0,0,0,2,0,0,0,0,0,1,0,0,0,0,0,0,0,0,0,0,0,0,0,0,0,0,0,0,0,0,0,0,,,,,,,,,,,,,,,,,,,,,,,,,,,,
2020-03-25,0,0,2,1,1,0,3,0,0,0,0,2,0,1,0,0,0,2,0,0,0,0,0,0,0,0,0,0,0,0,0,0,0,0,0,0,0,0,0,0,0,0,0,0,,,,,,,,,,,,,,,,,,,,,,,,
2020-03-26,1,0,2,2,1,0,3,0,0,0,0,2,1,1,0,0,0,2,0,0,0,0,0,0,0,0,1,0,0,0,0,0,0,0,0,0,0,0,0,0,0,0,0,0,0,0,0,0,,,,,,,,,,,,,,,,,,,,
2020-03-27,3,0,4,2,2,0,3,0,0,0,0,2,2,2,0,0,0,2,0,0,0,0,0,0,0,0,1,0,0,0,0,0,0,0,0,0,0,0,0,0,0,0,0,0,0,0,0,0,0,,,,,,,,,,,,,,,,,,,
2020-03-28,4,0,5,2,5,1,4,1,0,1,0,2,3,2,0,0,0,2,0,1,0,0,0,0,0,0,2,0,0,0,0,0,0,0,0,0,0,0,0,0,0,0,0,0,0,0,0,0,0,0,0,0,0,0,0,0,,,,,,,,,,,,
2020-03-29,4,0,5,3,5,3,4,1,0,1,0,2,3,2,0,0,0,2,0,2,0,0,0,0,0,0,2,0,0,0,0,0,0,0,0,0,0,0,0,0,0,1,0,0,0,0,0,0,0,0,0,0,0,0,0,0,0,0,,,,,,,,,,
2020-03-30,4,0,5,7,7,3,5,1,0,1,0,2,3,3,0,0,0,2,0,2,0,0,0,0,0,0,2,0,0,0,0,0,0,0,0,0,0,0,0,0,0,1,0,0,0,0,0,0,0,0,0,0,0,0,0,0,0,0,0,,,,,,,,,
2020-03-31,6,0,6,7,14,6,5,1,1,1,0,2,4,4,1,0,0,3,0,3,0,0,0,0,0,0,2,0,0,1,0,0,0,0,0,0,1,0,0,0,0,2,0,0,0,0,0,0,0,0,0,0,0,0,1,0,0,0,0,0,1,,,,,,,
2020-04-01,7,0,8,8,14,6,5,1,1,1,0,2,5,4,2,0,0,3,0,3,0,0,0,0,0,0,2,0,0,1,1,0,0,0,0,0,1,0,0,0,0,2,0,0,0,0,0,0,0,0,0,0,0,0,1,0,0,0,0,0,,,,,,,,
2020-04-02,8,0,9,10,14,6,9,1,2,1,0,2,5,5,2,0,1,3,1,4,0,0,0,0,0,0,2,0,0,1,1,0,0,0,0,0,1,0,0,0,0,2,0,0,0,0,0,0,0,0,0,0,0,0,1,0,0,0,0,0,,0,,,,,,
2020-04-03,10,0,11,10,14,8,10,1,2,2,0,2,5,5,2,0,1,4,1,5,0,0,0,0,0,0,2,0,0,1,1,0,0,0,0,0,1,0,0,0,0,2,0,0,0,0,0,0,0,0,0,0,0,1,1,0,0,0,0,0,0,0,0,,,,,
2020-04-04,13,0,17,11,24,14,11,1,2,2,0,3,7,5,6,0,2,6,1,5,0,0,0,1,0,0,2,0,0,1,1,0,0,0,0,0,1,0,0,0,0,2,0,0,0,0,0,0,0,0,0,0,0,1,1,0,0,0,0,0,,0,0,0,0,,,
2020-04-05,14,0,22,11,28,17,11,1,2,2,0,4,8,5,6,0,3,6,1,8,0,0,0,1,0,0,2,0,0,1,1,0,0,0,0,0,1,0,0,0,0,2,0,0,0,0,0,0,0,0,0,0,0,1,1,0,0,0,0,0,,0,0,0,0,0,,
2020-04-06,15,0,22,11,28,20,12,2,3,2,0,4,8,5,6,0,3,7,1,11,0,0,0,1,0,0,2,0,0,1,1,0,0,0,0,0,1,0,0,0,0,2,0,0,0,0,0,0,0,0,0,0,0,1,1,0,0,0,0,0,,0,0,0,0,0,,
2020-04-07,20,0,30,12,58,21,14,5,6,2,0,6,10,8,9,0,4,8,2,14,0,0,0,1,0,0,2,0,1,1,1,0,0,1,0,0,1,0,0,0,0,2,0,0,0,0,0,0,0,0,0,0,0,1,1,0,0,0,0,0,,0,0,0,0,0,0,0
2020-04-08,23,0,37,17,86,25,17,6,6,2,0,10,11,11,13,0,7,10,2,16,0,1,0,1,0,0,2,0,1,2,1,0,0,1,0,0,1,0,0,0,0,2,0,0,0,0,0,0,0,0,0,0,0,1,1,0,0,0,0,0,,0,0,0,0,0,0,0
2020-04-09,26,0,37,19,86,28,20,6,7,2,0,12,13,12,13,1,8,16,3,17,0,1,0,1,0,0,2,0,2,2,1,0,1,1,0,0,2,0,0,0,0,2,0,0,0,0,0,1,0,0,0,0,0,1,1,0,0,0,0,0,,0,0,0,0,0,0,0
2020-04-10,30,0,62,19,110,32,21,6,9,2,0,18,16,15,13,1,12,18,3,21,1,5,0,1,0,0,3,0,2,2,1,0,1,1,0,0,3,0,0,0,0,3,0,0,0,0,0,2,0,0,0,0,0,1,1,0,0,0,0,0,,0,0,0,0,0,0,0
2020-04-11,39,1,68,22,130,35,23,6,15,3,0,19,16,17,13,1,19,20,3,23,1,12,0,1,0,0,3,0,2,3,3,0,2,1,1,0,3,0,0,0,0,4,0,0,0,0,0,2,0,0,0,0,0,1,1,1,0,0,0,1,,0,0,0,0,0,0,0
2020-04-12,39,1,68,23,128,38,23,6,17,3,0,19,18,17,13,1,20,20,3,24,1,12,0,1,0,0,4,0,3,4,3,0,2,1,1,0,3,0,0,0,0,4,0,0,0,0,0,1,0,0,0,0,0,1,1,1,0,0,0,1,,0,0,0,0,0,0,0
2020-04-13,40,1,91,24,127,41,23,6,17,3,0,21,19,21,13,1,21,21,3,24,2,13,0,1,0,0,4,0,3,4,3,0,2,1,1,0,3,0,0,0,0,4,0,0,0,0,0,1,0,0,0,0,0,1,1,1,0,0,0,1,,0,0,0,0,0,0,0
2020-04-14,46,1,109,27,206,52,25,6,20,4,1,24,23,26,14,1,27,24,3,56,2,16,0,1,0,0,5,0,3,5,3,0,2,1,1,0,3,0,0,0,0,4,0,0,0,0,0,1,0,0,0,0,0,1,1,1,0,0,0,1,,0,0,0,0,0,0,0
2020-04-15,60,2,120,28,222,60,25,7,25,4,1,26,25,27,14,1,28,26,4,69,2,18,0,1,0,0,5,0,3,5,3,0,3,1,1,0,6,0,0,0,0,5,0,0,0,0,1,1,0,0,0,0,0,1,1,1,0,0,0,1,,0,0,0,0,0,0,0
2020-04-16,71,2,128,29,264,67,25,7,28,4,1,38,28,28,14,1,31,28,4,77,2,19,0,1,0,0,5,0,3,7,3,0,4,1,1,0,6,0,0,0,0,5,0,0,0,0,2,1,0,0,0,0,0,1,1,1,0,0,0,1,,0,0,0,1,0,0,0
2020-04-17,74,2,135,29,298,77,27,8,30,4,1,43,29,31,15,1,34,30,4,85,2,19,1,1,0,0,5,0,3,7,3,1,4,1,2,0,7,0,0,0,0,5,0,0,0,0,3,1,0,0,0,0,0,1,1,1,0,0,0,1,,0,0,0,1,0,0,0
2020-04-18,78,2,147,34,342,77,29,8,36,4,2,47,29,32,31,1,40,35,4,93,4,19,1,1,0,0,5,0,4,9,3,1,5,1,2,0,8,0,0,0,0,5,0,0,0,0,4,1,0,0,1,0,0,1,1,1,0,0,0,1,,0,0,0,1,0,0,0
2020-04-19,91,3,164,38,365,88,36,8,42,4,2,50,32,34,32,1,65,41,6,98,4,20,1,1,0,0,5,0,6,9,3,1,5,1,2,1,8,0,0,0,0,5,0,0,0,0,4,3,0,0,1,0,0,1,1,1,0,0,0,1,,0,0,0,1,0,0,0
2020-04-20,100,3,184,39,370,99,36,9,44,4,2,55,33,36,36,1,74,41,6,101,5,24,1,1,0,0,5,0,7,9,3,1,5,1,2,1,9,0,0,0,0,5,0,0,0,0,4,4,0,0,1,0,0,1,1,1,0,0,0,1,,0,0,0,1,0,0,0
2020-04-21,118,3,223,46,394,116,43,12,65,6,2,67,49,50,43,2,82,53,13,107,8,25,2,1,10,0,6,0,8,11,3,1,7,2,2,5,11,0,0,0,0,6,2,1,0,0,4,4,0,0,1,0,0,1,1,2,0,0,0,1,,0,0,0,1,0,0,0
2020-04-22,124,3,230,48,419,126,44,12,67,6,2,74,49,60,47,2,85,57,14,122,8,25,2,1,10,0,7,0,8,13,3,1,7,2,2,5,11,0,0,0,0,6,2,1,0,0,4,4,0,0,1,0,0,1,1,2,0,0,0,1,,0,0,0,1,0,0,0
2020-04-23,124,3,204,46,443,128,45,12,64,7,2,69,49,58,46,2,86,58,13,131,8,27,2,1,10,0,6,0,8,16,3,1,7,2,2,5,11,0,0,0,0,6,2,1,0,0,4,4,0,0,1,0,0,1,1,2,0,0,0,1,,0,0,0,1,0,0,0
2020-04-24,131,3,208,46,449,135,46,12,77,8,2,71,49,62,46,2,87,61,13,139,8,27,2,1,10,0,6,0,8,19,4,1,7,2,2,5,12,0,0,0,0,6,2,1,0,0,4,4,0,0,1,0,0,1,1,2,0,0,0,1,,0,0,0,2,0,0,0
2020-04-25,142,3,214,46,466,139,49,12,82,8,2,73,50,66,46,2,88,63,13,140,8,27,2,1,10,0,6,0,8,18,4,1,7,2,2,5,12,0,0,0,0,6,2,1,0,0,4,4,0,0,1,0,0,1,1,2,0,0,0,1,,0,0,0,2,0,0,0
2020-04-26,143,3,217,46,472,151,49,12,82,8,2,73,51,67,46,2,88,63,13,145,8,27,2,1,10,0,6,0,8,18,4,1,7,2,2,5,12,0,0,0,0,6,2,1,0,0,4,4,0,0,1,0,0,1,1,2,0,0,0,1,,0,0,0,2,0,0,0
2020-04-27,145,3,232,46,484,168,49,12,81,9,2,79,56,71,46,2,89,63,13,152,8,30,2,1,10,0,6,0,8,21,4,1,7,2,2,5,12,0,0,0,0,6,2,1,0,0,4,4,0,0,1,0,0,1,1,2,0,0,0,1,,0,0,0,2,0,0,0
2020-04-28,164,3,249,48,516,178,55,12,85,10,2,87,64,74,59,2,91,71,13,164,8,30,2,2,10,0,6,0,8,20,4,1,7,2,2,5,13,0,0,0,0,6,2,1,0,0,4,4,0,0,1,0,0,1,1,2,0,0,0,1,,0,0,0,2,0,0,0
2020-04-29,224,5,329,54,516,198,85,14,102,15,2,86,72,82,65,4,116,81,13,170,9,30,2,2,10,0,6,0,14,21,4,1,7,2,2,5,14,0,1,0,0,6,2,1,0,0,4,8,0,0,1,0,0,1,1,2,0,0,0,1,,0,0,0,2,0,0,0
2020-04-30,235,5,351,54,607,217,94,14,111,16,2,94,74,88,65,4,117,82,13,173,9,30,2,2,10,0,6,0,14,25,4,1,7,2,2,5,15,0,1,0,0,6,2,1,0,0,4,8,0,0,1,0,0,1,1,2,0,0,0,1,,0,0,0,2,0,0,0
2020-05-01,240,5,362,54,638,230,94,15,112,17,2,99,80,92,67,4,117,83,13,183,9,30,2,2,10,0,6,0,14,25,4,1,7,2,2,5,15,0,1,0,0,6,2,1,0,0,4,8,0,0,1,0,0,1,1,2,0,0,0,1,,0,0,0,2,0,0,0
2020-05-02,255,5,369,55,705,237,94,15,117,17,2,102,83,97,68,4,118,83,13,188,10,30,2,2,10,0,6,0,14,25,4,1,7,2,2,5,15,0,1,1,0,6,2,1,0,0,4,9,0,0,1,0,0,1,1,2,0,0,0,1,,0,0,0,2,0,0,0
2020-05-03,255,5,381,55,727,240,94,16,117,18,2,102,83,97,68,4,118,86,13,191,10,30,2,2,10,0,6,0,14,28,4,1,7,2,2,5,15,0,1,1,1,6,2,1,0,0,4,9,0,0,1,0,0,1,1,2,0,0,0,1,,0,0,0,2,0,0,0
2020-05-04,258,5,382,55,726,258,94,17,118,18,2,102,83,101,68,4,118,87,13,198,10,31,2,2,10,0,6,0,14,28,4,1,7,2,2,5,15,0,1,1,1,6,3,1,0,0,4,9,0,0,1,0,0,1,1,2,0,0,0,1,,0,0,0,2,0,0,0
2020-05-05,320,5,443,60,743,283,117,17,149,25,2,109,94,104,73,5,147,103,13,206,15,31,2,2,10,0,6,0,16,29,4,1,7,2,3,5,15,0,1,1,1,7,4,1,0,0,5,11,0,0,1,0,0,1,1,2,0,0,1,1,,0,0,0,2,0,0,0
2020-05-06,326,5,471,60,803,304,122,17,156,26,2,111,102,107,76,5,148,106,13,209,15,31,2,2,10,0,6,0,16,29,4,1,9,2,3,5,16,0,1,1,1,7,4,1,0,0,5,11,0,0,1,0,0,1,1,2,0,0,1,1,,0,0,0,2,0,0,0
2020-05-07,376,5,506,63,816,320,152,19,167,31,4,117,111,114,78,5,168,112,13,216,16,32,2,2,11,0,6,0,21,33,4,1,10,2,3,5,16,0,1,1,1,7,4,1,0,0,5,11,0,0,1,0,1,1,1,2,0,0,1,1,,0,0,0,2,0,1,0
2020-05-08,382,5,515,63,875,331,153,21,176,31,4,119,114,120,78,5,168,113,13,222,16,32,2,2,11,0,6,0,20,37,4,2,13,2,3,5,16,0,1,1,1,7,4,1,0,0,5,13,0,0,1,0,1,1,1,2,0,0,1,1,,0,0,0,2,1,1,0
2020-05-09,394,5,523,63,891,336,158,21,183,33,4,120,120,111,78,5,169,115,13,228,16,32,2,2,12,0,6,0,28,36,4,2,13,2,3,5,16,0,1,1,1,7,4,1,0,0,5,13,0,0,1,0,1,1,1,2,0,0,1,1,,0,0,0,2,0,1,0
2020-05-10,395,5,525,64,894,341,158,21,184,33,4,122,121,111,78,5,170,117,13,233,16,32,2,2,12,0,6,0,28,36,4,2,13,2,4,5,17,0,1,1,1,7,4,1,0,0,5,13,0,0,1,0,1,1,1,2,0,0,1,1,,0,0,0,2,0,1,0
2020-05-11,399,5,525,64,893,349,160,21,187,33,4,123,121,112,78,5,171,117,13,239,16,32,2,2,12,0,6,0,28,36,4,2,13,2,5,5,17,0,1,1,1,7,4,1,0,0,5,13,0,0,1,0,1,1,1,2,0,0,1,1,,0,0,0,3,0,1,0
2020-05-12,405,5,534,64,908,364,161,21,189,33,4,127,123,120,78,5,172,124,14,241,17,32,2,2,12,0,6,0,28,38,4,2,14,2,5,5,17,0,1,1,1,7,5,1,0,0,5,13,0,0,1,0,1,1,1,2,0,0,1,1,,0,0,0,3,0,1,0
2020-05-13,419,5,556,65,986,373,162,21,197,35,4,139,129,123,78,5,179,128,14,245,19,32,4,2,13,0,6,0,28,39,4,2,14,2,5,5,17,0,1,1,1,7,7,1,0,0,5,13,0,0,1,0,1,1,1,2,0,0,1,1,,0,0,0,4,0,1,0
2020-05-14,448,5,587,69,1008,395,182,21,213,37,4,139,133,124,82,5,196,135,15,249,19,32,6,3,15,0,6,0,31,40,4,2,14,2,5,5,17,0,1,1,1,7,7,1,0,0,5,14,0,0,1,0,1,1,1,2,0,0,1,1,,0,0,0,4,0,1,0
2020-05-15,466,7,608,70,1021,410,196,22,218,41,4,141,136,127,83,6,207,141,16,253,19,32,6,3,17,0,6,1,33,41,4,2,15,2,5,5,17,0,1,1,1,7,7,1,0,0,6,14,0,0,1,0,1,1,2,2,0,0,1,1,,0,0,0,3,0,1,0
2020-05-16,478,7,614,70,1031,421,196,22,222,48,4,143,139,127,83,6,208,147,15,255,19,32,6,3,13,0,6,1,33,39,4,2,15,2,5,5,17,0,1,1,1,7,7,1,0,0,6,14,0,0,1,0,1,1,2,2,0,0,1,1,,0,0,0,4,0,1,0
2020-05-17,478,7,620,70,1031,422,199,22,220,48,4,143,139,127,83,6,208,149,16,258,19,32,6,3,13,0,6,1,33,39,4,2,15,2,5,5,17,0,1,1,1,7,7,1,0,0,6,14,0,0,1,0,1,1,2,2,0,0,1,1,,0,0,0,4,0,1,0
2020-05-18,478,7,566,88,1080,417,171,15,227,41,4,143,173,122,70,5,248,125,18,263,21,32,5,4,25,0,12,0,29,50,4,4,20,2,2,5,22,0,2,0,0,8,8,1,1,0,4,15,2,0,2,0,1,1,1,2,1,0,1,1,,0,0,0,4,1,0,0
2020-05-19,491,7,575,89,1109,426,176,17,230,42,5,145,182,124,70,5,262,127,18,267,24,32,5,4,27,0,12,0,29,50,4,4,21,2,2,5,22,0,2,0,0,8,9,1,1,0,4,15,2,0,2,0,1,1,1,2,1,0,1,2,,0,0,0,5,1,0,0
2020-05-20,491,7,596,93,1152,431,182,18,235,43,5,147,188,128,70,5,273,132,19,271,24,38,5,4,27,0,12,0,29,51,4,4,21,2,2,3,22,0,2,0,0,8,9,0,1,0,4,15,2,0,2,1,1,1,1,2,1,0,1,2,,0,0,0,6,1,0,0
2020-05-21,491,7,607,95,1178,442,186,18,238,43,5,148,192,130,71,5,279,137,21,277,24,38,5,4,28,0,12,0,29,52,4,4,25,2,2,3,22,0,3,0,0,8,10,0,1,0,4,15,2,0,2,1,1,1,1,2,1,0,1,2,,0,0,0,7,1,0,0
2020-05-22,518,6,619,97,1221,454,192,18,242,43,5,154,197,133,71,5,283,148,22,278,24,38,5,4,28,0,12,0,29,57,4,4,26,2,2,3,22,0,4,0,0,8,12,0,1,0,4,15,2,0,2,1,1,1,1,2,1,0,1,2,,0,0,0,7,1,0,0
2020-05-23,521,7,633,99,1233,460,197,18,245,46,5,158,202,135,72,6,292,152,22,280,24,38,6,4,29,0,12,0,29,62,4,4,26,2,3,3,22,0,4,0,0,8,13,0,1,0,5,15,3,0,2,1,1,1,1,2,1,0,1,2,,0,1,0,7,1,0,0
2020-05-24,521,7,633,99,1233,461,198,18,248,46,5,159,206,135,72,7,296,153,22,281,27,38,6,4,29,0,12,0,30,63,4,4,27,2,3,3,22,0,4,0,0,8,14,0,1,0,5,15,3,0,2,1,1,1,1,2,1,0,1,2,,0,1,0,7,1,0,0
2020-05-25,524,7,633,99,1235,461,199,18,251,46,5,160,209,135,72,7,296,153,22,281,27,38,6,4,29,0,12,0,31,63,4,4,27,2,3,3,22,0,4,0,0,8,14,0,1,0,5,15,3,0,2,1,1,1,1,2,1,0,1,2,,0,1,0,7,1,0,0
2020-05-26,524,7,635,99,1243,461,199,18,252,46,5,160,210,135,72,7,296,155,22,283,27,38,6,4,29,0,12,0,31,63,4,4,27,2,3,3,22,0,4,0,0,8,14,0,1,0,5,15,3,0,2,1,1,1,1,2,1,0,1,2,,0,1,0,7,1,0,0
2020-05-27,536,7,662,100,1262,473,203,18,260,47,5,160,215,138,72,7,301,159,22,285,31,38,6,4,30,0,12,0,31,66,4,4,28,2,4,3,22,0,4,0,0,8,15,0,1,0,5,15,3,0,2,2,1,1,1,2,1,0,1,2,,0,1,0,7,1,0,0
2020-05-28,544,7,675,101,1282,486,206,18,270,47,5,161,218,139,72,7,308,163,25,291,33,38,6,4,31,0,12,0,31,71,4,4,31,2,4,3,22,0,4,0,0,8,16,0,1,0,5,15,3,0,2,2,1,2,1,2,1,0,1,2,,0,2,0,7,1,0,0
2020-05-29,550,7,677,101,1300,493,207,19,277,48,5,162,222,144,73,7,311,166,26,292,33,38,6,4,34,0,12,0,31,72,4,5,32,2,4,3,23,0,4,1,0,8,16,0,1,0,5,15,3,0,2,2,1,2,1,2,1,0,1,2,,0,2,0,7,1,0,0
2020-05-30,558,8,682,101,1308,501,210,19,280,50,5,163,228,147,73,8,316,170,26,295,33,38,7,4,35,0,12,0,31,73,4,5,34,2,4,3,24,0,4,1,0,8,17,0,1,0,5,15,3,0,2,2,1,3,1,2,1,0,1,2,,0,3,0,7,1,0,0
2020-05-31,558,8,684,101,1316,503,210,19,281,50,5,163,228,149,73,8,317,170,26,297,33,38,7,4,35,0,12,0,31,73,4,5,34,2,4,3,24,0,4,1,0,8,17,0,1,0,5,15,3,0,2,2,1,3,1,2,1,0,1,2,,0,3,0,7,1,0,0
2020-06-01,559,8,693,101,1320,503,210,19,281,52,5,164,228,149,73,8,317,171,26,297,33,38,7,4,35,0,12,0,31,74,4,5,34,2,4,3,24,0,4,1,0,8,17,0,1,0,5,15,3,0,2,2,1,3,1,2,1,0,1,2,,0,3,0,7,1,0,0
2020-06-02,567,8,699,101,1346,515,213,20,284,52,6,165,235,153,74,8,321,174,26,306,33,38,7,4,36,0,12,0,31,77,4,5,36,2,5,3,24,0,4,1,0,8,17,0,1,0,5,15,3,0,2,2,1,3,1,2,1,0,1,2,,0,3,0,7,1,0,0
2020-06-03,576,8,702,102,1359,519,220,20,287,53,6,166,239,155,74,8,322,180,27,310,34,38,7,5,37,0,12,0,31,85,4,5,36,2,5,3,24,0,4,1,0,8,17,0,1,0,5,15,3,0,2,3,1,3,1,2,1,0,1,2,,0,3,0,7,1,0,0
2020-06-04,614,8,713,102,1394,522,225,20,294,54,6,166,242,156,74,8,323,182,28,315,36,38,7,5,38,0,12,0,31,87,4,6,37,2,5,3,24,0,4,1,0,8,17,0,1,0,5,15,3,0,2,3,1,3,1,2,1,0,1,2,,0,3,0,7,1,0,0
2020-06-05,645,9,721,102,1411,525,229,20,296,56,6,168,245,157,74,8,329,185,28,317,36,38,7,5,39,0,12,0,31,88,4,6,38,2,5,3,24,0,4,1,0,8,17,0,1,0,5,16,3,0,2,4,1,3,1,2,1,0,1,2,,0,3,0,7,1,0,0
2020-06-06,651,9,724,102,1414,529,231,20,297,57,6,168,248,157,74,8,333,187,29,317,37,38,7,5,39,0,12,0,31,90,4,6,38,2,5,3,24,0,4,1,0,8,17,0,1,0,5,16,3,0,2,4,1,3,1,2,1,0,2,2,,0,3,0,7,1,0,0
2020-06-07,651,9,725,102,1420,529,232,20,297,57,6,168,248,157,74,8,333,187,29,318,37,38,7,5,39,0,12,0,31,91,4,6,39,2,5,3,24,0,4,1,0,8,17,0,1,0,5,16,3,0,2,4,1,3,1,2,1,0,2,2,,0,3,0,7,1,0,0
2020-06-08,651,9,727,102,1421,529,232,20,298,57,6,169,249,158,74,8,334,188,29,318,37,38,7,6,39,0,12,0,31,91,4,6,39,2,5,3,24,0,4,1,0,8,17,0,1,0,5,16,3,0,2,4,1,3,1,2,1,0,2,2,,0,3,0,7,1,0,0
2020-06-09,652,9,740,102,1436,532,236,20,303,58,6,169,253,160,74,9,334,189,30,320,38,38,7,7,39,0,12,0,31,96,4,6,41,2,5,3,24,0,5,1,0,8,17,0,1,0,5,16,3,0,2,4,1,3,1,2,1,0,2,2,,0,3,0,7,1,0,0
2020-06-10,662,9,762,102,1454,534,238,20,304,58,6,170,259,161,74,9,334,189,30,322,38,38,7,7,39,0,12,0,32,101,4,6,42,2,5,3,24,0,5,1,0,8,17,0,1,0,5,16,3,0,2,4,1,4,1,2,1,0,2,2,,0,3,0,7,1,0,0
2020-06-11,662,9,765,103,1471,540,238,20,304,58,6,171,263,161,75,9,336,191,31,322,38,38,7,7,40,0,12,0,33,104,4,6,42,2,5,3,24,0,5,1,0,8,17,0,1,0,5,17,3,0,2,4,1,4,1,2,1,0,2,2,,0,3,0,7,1,0,0
2020-06-12,664,9,768,103,1487,541,238,20,306,58,6,171,264,162,75,9,338,191,31,325,39,38,7,7,42,0,12,0,33,107,4,6,43,3,5,3,24,0,5,1,0,8,17,0,1,0,5,17,4,0,2,4,1,5,1,2,1,0,2,2,,0,3,0,7,1,0,1
2020-06-13,664,9,768,104,1502,542,241,20,307,59,6,172,267,164,75,9,338,194,31,329,39,38,7,7,42,0,12,0,33,107,4,6,43,3,5,3,24,0,5,1,0,8,17,0,1,0,5,17,4,0,2,4,1,5,1,2,1,0,2,2,,0,3,0,7,1,0,1
2020-06-14,671,9,768,104,1505,542,241,20,307,59,6,172,267,164,75,9,338,194,31,329,40,38,7,7,42,0,12,0,33,107,4,6,43,3,5,3,24,0,5,1,0,8,17,0,1,0,5,17,4,0,2,4,1,5,1,2,1,0,2,2,,0,3,0,7,1,0,1
2020-06-15,671,9,777,105,1509,542,243,20,307,60,6,174,269,168,77,9,338,196,32,331,40,38,6,8,42,0,12,0,33,107,4,6,43,3,5,3,24,0,5,1,0,8,17,0,1,0,5,17,4,0,2,4,1,5,1,2,1,0,2,2,,0,3,0,7,1,0,1
2020-06-16,674,9,778,105,1518,544,244,20,309,61,6,177,271,169,77,10,338,197,32,333,40,38,6,8,42,0,12,0,33,108,4,6,43,3,5,3,24,0,5,1,0,8,17,0,1,0,5,17,4,0,2,4,1,5,1,2,1,0,2,2,,0,3,0,7,1,0,1
2020-06-17,678,9,778,105,1528,546,247,20,311,61,6,177,273,169,77,10,340,199,34,336,40,38,6,9,42,0,13,0,33,111,4,6,43,3,5,3,24,0,5,1,0,8,18,0,1,0,5,18,4,0,2,4,1,5,1,2,1,0,2,2,,0,3,0,7,1,0,1
2020-06-18,680,9,780,105,1540,549,249,20,312,61,6,177,276,170,77,11,342,200,35,341,40,38,6,9,42,0,13,0,33,116,4,6,43,3,5,3,24,0,5,1,0,8,18,0,1,0,5,18,4,0,2,4,1,5,1,2,1,0,2,2,,0,3,0,7,1,0,1
2020-06-19,681,9,780,106,1550,551,250,20,313,61,6,178,277,170,77,11,343,200,35,344,40,38,6,9,42,0,13,0,33,118,4,6,43,3,6,3,24,0,5,1,0,9,19,0,1,0,5,20,4,0,2,4,1,5,1,2,1,0,2,2,,0,3,0,7,1,0,1
2020-06-20,683,9,783,107,1552,552,252,20,315,61,6,179,278,170,77,11,344,200,36,346,40,38,6,9,42,0,13,0,33,120,4,6,43,3,6,3,24,0,5,1,0,9,19,0,1,0,5,20,4,0,2,4,1,5,1,2,1,0,2,2,,0,3,0,7,1,0,1
2020-06-21,684,9,784,107,1553,552,252,20,316,61,6,179,278,171,77,11,344,200,36,346,40,38,6,9,42,0,13,0,33,120,4,6,43,3,6,3,24,0,5,1,0,9,19,0,1,0,5,20,4,0,2,4,1,5,1,2,1,0,2,2,,0,3,0,7,1,0,1
2020-06-22,684,9,784,107,1553,552,252,20,316,61,6,179,279,171,77,11,345,200,36,347,40,38,6,9,42,0,13,0,33,120,4,6,43,3,6,3,24,0,5,1,0,9,19,0,1,0,5,20,4,0,2,4,1,5,1,2,1,0,2,2,,0,3,0,7,1,0,1
2020-06-23,684,9,787,108,1564,555,255,20,317,61,6,179,281,172,78,12,345,200,39,350,41,38,6,9,42,0,13,0,33,122,4,6,43,3,6,3,24,0,5,1,0,9,19,0,1,0,5,20,4,0,2,4,1,5,1,2,1,0,2,2,,0,3,0,7,1,0,1
2020-06-24,693,9,791,108,1576,559,259,20,319,61,6,180,284,173,78,12,347,201,40,352,42,38,6,9,42,0,13,0,33,127,4,6,43,3,6,3,25,0,5,1,0,9,19,0,1,0,6,21,5,0,2,4,1,5,2,2,1,0,2,2,,0,3,0,7,1,0,1
2020-06-25,693,9,792,109,1583,560,262,20,321,63,6,182,285,174,78,12,348,202,41,354,43,38,6,9,42,0,13,0,33,131,4,6,43,3,6,3,25,0,5,1,0,9,19,0,1,0,6,22,5,0,2,4,1,5,2,2,1,0,2,3,,0,4,0,7,1,0,1
2020-06-26,696,9,794,108,1587,561,263,20,323,63,6,183,288,176,78,12,348,202,43,354,43,38,6,10,42,0,13,0,33,132,4,6,44,3,6,3,25,0,5,1,0,9,19,0,1,0,6,22,5,0,2,4,1,5,2,2,1,0,2,3,,0,4,0,7,1,0,1
2020-06-27,696,9,798,108,1591,563,265,20,323,63,6,186,292,176,78,12,350,202,44,355,43,38,7,13,42,0,13,0,33,132,4,6,44,3,6,3,25,0,5,1,0,9,19,0,1,0,6,22,5,0,2,4,1,5,2,2,1,0,2,3,,0,4,0,7,1,0,1
2020-06-28,696,9,798,108,1592,564,265,20,323,63,6,186,292,176,78,12,350,202,44,356,43,38,7,13,42,0,13,0,33,132,4,6,44,3,6,3,25,0,5,1,0,9,19,0,1,0,6,22,5,0,2,4,1,5,2,2,1,0,2,3,,0,4,0,7,1,0,1
2020-06-29,696,9,798,108,1595,563,266,20,323,63,6,186,294,177,78,12,350,202,45,356,43,38,7,13,42,0,13,0,33,133,4,6,44,3,6,3,25,0,5,1,0,9,19,0,1,0,6,22,5,0,2,4,1,5,2,2,1,0,2,3,,0,4,0,7,1,0,1
2020-06-30,696,9,801,108,1606,564,266,20,324,64,6,186,297,177,78,12,351,203,48,357,43,38,7,13,43,0,13,1,34,133,4,6,44,3,6,3,26,0,6,1,0,9,19,0,1,0,6,23,5,0,2,4,1,5,2,2,1,0,2,3,,0,4,0,7,1,0,1
2020-07-01,701,9,801,108,1609,564,266,20,324,64,6,187,297,177,78,12,351,203,48,357,43,38,7,13,43,0,13,1,34,133,4,6,44,3,6,3,26,0,6,1,0,9,19,0,1,0,6,23,5,0,2,4,1,5,2,2,1,0,2,3,,0,4,0,7,1,0,1
2020-07-02,702,9,806,108,1615,565,270,20,328,64,6,188,305,177,79,13,351,204,52,365,43,38,7,13,44,0,13,1,34,136,4,6,44,3,6,3,26,0,6,1,0,9,20,1,1,0,6,24,6,0,2,4,1,5,2,2,1,0,2,4,,0,4,0,7,1,0,1
2020-07-03,702,9,810,109,1619,567,272,21,329,64,6,190,307,178,79,13,352,207,54,365,43,38,7,13,44,0,13,1,34,140,4,6,44,3,6,3,26,0,6,1,0,9,20,1,1,0,6,24,8,0,2,4,1,5,2,2,1,0,2,4,,0,4,0,7,1,0,1
2020-07-04,702,9,810,109,1619,567,272,21,329,64,6,190,307,178,79,13,352,207,54,366,44,38,7,13,44,0,13,2,34,140,4,6,44,3,6,3,26,0,6,1,0,9,20,1,1,0,6,24,8,0,2,4,1,5,2,2,1,0,2,4,,0,4,0,7,1,0,1
2020-07-05,702,9,811,109,1619,567,273,21,329,64,6,190,307,178,79,13,352,207,54,367,44,38,8,13,44,0,13,2,34,140,4,6,44,3,6,3,26,0,6,1,0,9,20,1,1,0,6,24,8,0,2,4,1,5,2,2,1,0,2,4,,0,4,0,7,1,0,1
2020-07-06,702,9,811,109,1619,568,273,21,329,64,6,190,307,178,79,13,352,207,54,367,44,38,8,13,44,0,13,2,34,140,4,6,44,3,6,3,26,0,6,1,0,9,20,1,1,0,6,24,8,0,2,4,1,5,2,2,1,0,2,4,,0,4,0,7,1,0,1
2020-07-07,704,9,815,111,1621,570,275,21,330,64,6,194,309,179,79,13,353,207,55,372,45,39,8,13,44,0,13,2,34,142,4,6,46,3,6,3,27,0,6,1,0,9,20,1,1,0,6,25,8,0,2,4,1,5,2,2,1,0,2,4,,0,4,0,7,1,0,1
2020-07-08,706,8,818,111,1628,570,276,21,333,64,6,196,312,179,79,13,355,208,57,372,45,39,8,13,44,0,13,2,35,143,4,6,47,3,6,3,27,0,6,1,0,9,20,1,1,1,6,25,8,0,2,4,1,5,2,2,1,0,2,4,,0,4,0,7,1,0,1
2020-07-09,706,8,822,111,1633,571,276,21,333,66,6,196,315,179,79,13,356,209,57,377,47,39,8,13,46,0,13,2,35,148,4,6,47,3,6,3,27,0,6,1,0,9,20,1,1,1,6,25,8,0,2,4,1,5,2,2,1,0,2,4,,0,4,0,7,1,0,1
2020-07-10,709,8,826,111,1635,572,278,21,335,66,6,197,319,181,79,14,357,209,61,382,48,39,8,13,46,0,13,2,35,149,4,6,47,3,6,3,27,0,6,1,0,9,20,1,1,1,6,25,8,0,2,4,1,5,2,2,1,0,2,4,,0,4,0,7,1,0,1
2020-07-11,709,8,829,111,1636,572,279,21,335,66,6,198,324,181,79,14,358,209,62,383,50,39,8,13,46,0,13,2,35,149,4,6,47,3,6,3,27,0,6,1,0,9,20,1,1,1,6,25,8,0,2,4,1,5,2,2,1,0,2,4,,0,4,0,7,1,0,1
2020-07-12,709,8,829,111,1637,572,279,21,335,66,6,198,326,181,79,14,358,209,63,383,50,39,8,13,46,0,13,2,35,149,4,6,47,3,6,3,27,0,6,1,0,9,20,1,1,1,6,25,9,0,2,4,1,5,2,2,1,0,2,4,,0,4,0,7,1,0,1
2020-07-13,709,8,829,111,1640,572,279,21,335,66,6,198,327,181,79,14,358,209,63,383,50,39,8,13,46,0,13,2,35,149,4,6,47,3,6,3,27,0,6,1,0,9,20,1,1,1,6,25,9,0,2,4,1,5,2,2,1,0,2,4,,0,5,0,7,1,0,1
2020-07-14,709,8,829,111,1646,572,281,21,335,66,6,199,329,181,79,14,358,211,63,386,50,39,8,13,46,0,13,2,35,149,4,6,48,3,6,3,27,0,6,1,0,9,20,1,1,1,6,25,10,0,2,4,1,5,2,2,1,0,2,4,,0,5,0,7,1,0,1
2020-07-15,717,8,832,113,1653,572,283,21,337,66,6,204,330,181,79,14,359,211,66,388,51,39,8,13,46,0,13,2,35,149,4,6,48,3,6,3,27,0,6,1,0,9,20,1,1,1,6,26,10,0,2,4,1,5,2,2,1,0,2,4,,0,5,0,7,1,0,1
2020-07-16,718,8,835,114,1664,572,283,21,337,68,7,205,330,181,80,14,360,212,67,388,51,40,9,13,46,0,13,2,35,150,4,6,48,3,6,3,28,0,6,1,0,9,20,1,1,1,6,26,10,0,2,4,1,5,2,2,1,0,2,4,,0,5,0,7,1,0,1
2020-07-17,718,8,836,115,1665,573,284,21,339,68,7,206,331,181,81,15,360,212,70,390,51,40,9,13,46,0,13,2,35,150,4,7,48,3,6,3,28,0,6,1,0,9,20,1,1,1,6,26,10,0,2,4,1,5,2,2,1,0,2,4,,0,5,0,7,1,1,1
2020-07-18,718,8,837,116,1665,573,284,21,339,68,9,207,332,181,81,15,360,212,72,392,51,40,9,13,46,0,13,2,35,150,4,7,48,3,6,3,28,0,6,1,0,9,20,1,1,1,6,26,10,0,2,4,1,5,2,2,1,0,2,4,,0,5,0,7,1,2,1
2020-07-19,718,8,837,117,1665,573,285,21,339,68,10,208,332,181,81,15,360,212,72,392,51,40,9,13,46,0,13,2,35,150,4,8,48,3,6,3,28,0,6,1,0,9,20,1,1,1,6,26,11,0,2,4,1,5,2,2,1,0,2,4,,0,5,0,7,1,2,1
2020-07-20,718,8,837,117,1665,573,285,21,341,68,10,208,332,181,81,15,360,212,72,392,51,40,9,13,46,0,13,2,35,150,4,8,48,3,6,3,28,0,6,1,0,9,20,1,1,1,6,26,11,0,2,4,1,5,2,2,1,0,2,4,,0,5,0,7,1,2,1
2020-07-21,718,8,837,119,1666,573,287,21,341,69,10,211,333,182,81,15,361,212,74,392,52,40,9,13,46,0,14,3,35,151,4,8,48,3,6,3,28,0,6,1,0,9,20,1,1,1,6,26,11,0,2,4,1,5,2,2,1,0,2,4,,0,5,0,7,1,2,1
2020-07-22,720,8,839,120,1673,573,288,21,342,69,10,217,334,183,82,15,362,212,76,393,52,41,9,13,46,0,14,3,35,152,4,9,49,3,6,3,28,0,6,1,0,9,20,1,1,1,6,26,11,0,2,4,1,5,2,2,1,0,2,4,,0,5,0,7,1,2,1
2020-07-23,720,8,842,120,1675,574,288,21,342,69,10,219,334,183,82,16,362,212,78,395,54,41,9,14,46,0,14,3,35,152,4,9,49,3,6,3,28,0,6,1,0,9,20,1,2,1,6,26,11,0,2,4,1,5,2,2,1,0,2,4,,0,5,0,7,1,2,1
2020-07-24,720,8,844,120,1676,574,289,21,343,70,10,221,334,183,82,17,362,212,79,400,54,42,9,14,46,0,14,3,35,152,4,9,49,3,6,3,28,0,6,2,0,11,20,1,2,1,6,26,11,0,2,4,1,5,2,2,1,0,2,4,,0,5,0,7,2,2,1
2020-07-25,720,8,844,120,1676,574,289,21,343,70,10,222,334,183,82,17,362,212,80,401,54,43,9,15,46,0,14,3,35,152,4,9,49,3,6,3,28,0,6,2,0,11,20,1,2,1,6,26,11,0,2,4,1,5,2,2,1,0,2,4,,0,5,0,7,2,2,1
2020-07-26,720,8,844,121,1676,574,289,21,343,70,10,222,335,183,82,17,362,212,80,401,54,43,9,15,46,0,14,3,35,153,4,9,49,3,6,3,28,0,6,2,0,11,20,1,2,1,6,26,11,0,2,4,1,5,2,2,1,0,2,4,,0,5,0,7,2,2,1
2020-07-27,720,8,844,122,1678,574,289,21,343,70,10,222,335,183,82,17,362,212,81,401,54,43,9,15,46,0,14,3,35,153,4,9,49,3,6,3,28,0,6,2,0,11,20,1,2,1,6,26,11,0,2,4,1,5,2,2,1,0,2,4,,0,5,0,7,2,2,1
2020-07-28,720,8,845,122,1678,574,289,21,343,70,10,229,335,183,85,18,364,212,84,403,54,44,10,15,46,0,14,3,35,154,4,9,49,3,6,3,28,0,6,2,0,11,20,1,2,1,6,26,11,0,2,4,1,5,2,2,1,0,2,4,,0,5,0,8,2,2,1
2020-07-29,725,8,846,123,1680,574,289,21,346,70,10,234,335,183,85,18,364,212,84,405,54,45,10,15,46,0,15,3,35,155,4,9,49,3,6,3,28,0,6,2,0,11,20,1,2,1,6,26,11,0,2,4,1,5,2,2,1,0,2,4,,0,5,0,8,2,2,1
2020-07-30,730,8,847,123,1691,577,289,21,346,70,11,235,335,183,88,19,364,212,85,406,54,45,10,15,46,0,15,3,35,155,4,9,49,3,6,3,28,0,6,2,0,11,20,1,3,1,6,26,11,0,2,4,1,5,2,2,1,0,2,4,,0,5,0,8,2,2,1
2020-07-31,730,8,848,123,1690,578,290,21,349,70,11,239,334,183,88,20,365,212,86,406,54,46,10,16,46,0,15,3,35,155,4,9,49,3,6,3,28,0,6,2,0,11,20,1,3,1,6,26,11,0,2,4,1,5,2,2,1,0,2,4,,0,5,0,8,2,2,1
2020-08-01,730,8,850,123,1690,578,290,21,349,70,11,240,335,183,89,20,365,212,87,407,54,46,10,16,46,0,15,3,35,155,4,9,49,3,6,3,28,0,6,2,1,12,20,1,3,1,6,26,11,0,2,4,1,5,2,2,1,0,2,4,,0,5,0,8,2,2,1
2020-08-02,730,8,850,123,1690,579,290,21,349,70,11,242,335,183,89,20,365,212,88,407,54,46,10,16,46,0,15,3,35,155,4,9,49,3,6,3,28,0,6,2,1,12,20,1,3,1,6,26,11,0,2,4,1,5,2,2,1,0,2,4,,0,5,0,8,2,2,1
2020-08-03,731,8,850,123,1692,579,290,21,348,70,11,242,335,183,89,20,365,212,88,407,54,46,10,16,46,0,15,3,35,155,4,9,49,3,6,3,28,0,6,2,1,12,20,1,3,1,6,26,11,0,2,4,1,5,2,2,1,0,2,4,,0,5,0,8,2,2,1
2020-08-04,735,8,851,124,1695,580,290,21,348,70,11,243,335,183,89,20,367,212,89,408,54,46,10,17,46,0,15,3,35,156,4,9,49,3,6,3,28,0,6,3,1,12,20,1,3,1,6,27,11,0,2,4,1,5,2,3,1,0,2,4,,0,5,0,8,2,2,1
2020-08-05,740,8,853,124,1695,580,291,21,349,70,11,248,335,183,89,20,367,212,89,408,54,46,10,17,46,0,15,3,35,156,4,9,49,3,6,3,28,0,6,3,1,12,20,1,3,1,6,27,11,0,2,4,1,5,2,3,1,0,2,4,,0,5,0,8,2,2,1
2020-08-06,742,8,855,124,1698,581,292,21,349,71,11,251,336,184,91,20,368,212,92,410,54,46,10,17,46,0,15,3,35,158,5,9,50,3,6,3,28,0,6,3,1,14,20,1,3,1,6,27,12,0,2,4,1,5,2,3,1,0,2,4,,0,5,0,8,2,2,1
2020-08-07,744,9,855,124,1702,582,292,21,349,71,12,257,336,184,91,20,368,212,93,410,54,46,10,18,46,0,15,3,35,158,5,9,50,3,6,3,28,0,6,3,1,15,20,1,5,1,6,27,12,0,2,4,1,5,2,3,1,0,2,4,,0,5,0,8,2,2,1
2020-08-08,744,9,857,124,1703,582,292,21,349,71,12,258,337,184,92,20,368,212,93,411,54,46,10,18,46,0,15,3,35,159,5,9,51,3,7,3,28,0,6,3,1,16,20,1,5,1,6,27,13,0,2,4,1,5,2,3,1,0,2,4,,0,5,0,8,2,2,1
2020-08-09,744,9,857,124,1703,582,292,21,349,71,12,259,337,184,92,20,368,212,93,411,54,46,10,19,46,0,15,3,35,159,5,9,51,3,7,3,28,0,6,3,1,16,20,1,5,1,6,27,13,0,2,4,1,5,2,3,1,0,2,4,,0,5,0,8,2,2,1
2020-08-10,746,9,857,124,1704,582,292,21,349,71,13,259,337,184,92,20,368,212,93,411,54,46,10,19,46,0,15,3,35,159,5,9,51,3,7,3,28,0,6,3,1,16,20,1,5,1,6,27,13,0,2,4,1,5,2,3,1,0,2,4,,0,5,0,8,2,2,1
2020-08-11,746,10,858,124,1710,582,292,21,349,71,13,260,338,184,92,20,369,212,94,414,55,47,10,21,46,0,15,3,35,159,6,11,51,3,8,3,28,1,6,3,1,16,20,1,6,1,7,27,13,0,2,4,1,5,2,3,1,0,2,4,,0,5,0,8,2,2,1
2020-08-12,752,10,859,124,1716,582,293,21,350,71,13,273,338,184,93,20,372,212,97,417,55,47,10,22,46,0,16,3,35,159,6,11,51,3,8,3,28,1,6,3,1,16,20,1,7,1,7,27,15,0,2,4,1,5,2,3,1,0,2,4,,0,5,0,8,2,2,1
2020-08-13,752,10,859,124,1725,582,294,21,350,71,14,278,340,185,93,21,372,212,100,418,55,47,10,22,46,0,16,3,35,160,6,12,51,3,8,3,28,1,6,3,1,16,20,1,7,1,7,27,15,0,2,5,1,5,2,3,1,0,2,4,,0,5,0,8,2,2,1
2020-08-14,758,10,859,125,1728,583,295,21,350,71,16,283,340,185,93,22,374,212,105,420,55,47,11,27,46,0,17,3,35,160,6,12,51,3,8,3,28,1,6,3,1,16,20,1,8,1,7,27,17,0,2,5,1,5,2,3,1,0,2,4,,0,5,0,8,2,2,1
2020-08-15,758,10,859,125,1732,583,295,21,350,71,17,283,341,185,94,22,374,212,105,421,55,48,11,27,46,0,17,3,35,160,6,12,51,3,9,3,28,1,6,3,1,16,20,1,8,1,8,27,18,0,2,5,1,5,2,3,1,0,2,4,,0,5,0,8,2,2,1
2020-08-16,758,10,859,125,1733,583,295,21,350,71,17,288,341,185,94,22,375,212,105,421,55,48,11,27,46,0,17,3,35,160,6,12,51,3,9,3,28,1,6,3,1,16,20,1,8,1,8,27,18,0,2,5,1,5,2,3,1,0,2,4,,0,5,0,8,2,2,1
2020-08-17,759,10,859,125,1733,583,295,21,350,71,17,290,341,185,94,22,375,212,105,421,55,48,11,27,46,0,17,3,35,160,6,12,51,3,9,3,28,1,6,3,1,16,20,1,8,1,8,27,18,0,2,5,1,5,2,3,1,0,2,4,,0,5,0,8,2,2,1
2020-08-18,759,10,859,125,1743,584,296,21,350,71,20,291,341,185,95,22,375,212,108,422,55,48,11,28,46,0,17,3,35,161,6,12,51,3,9,3,28,1,6,3,1,16,20,1,8,1,8,27,20,0,3,5,1,5,2,3,1,0,2,4,,0,5,0,8,2,2,1
2020-08-19,766,10,860,125,1751,584,296,21,351,71,21,297,341,185,95,23,376,212,110,425,55,49,11,28,46,0,17,3,35,161,6,12,51,3,9,3,28,1,6,3,1,16,20,1,8,1,8,27,20,0,3,5,1,5,2,3,1,0,2,4,,0,5,0,8,2,2,1
2020-08-20,768,10,860,125,1754,584,296,21,351,71,21,298,342,185,95,23,376,213,111,425,55,49,11,28,46,0,17,3,35,161,6,12,51,3,9,3,28,1,6,3,1,16,20,1,8,2,9,27,22,0,3,5,1,5,2,3,1,0,2,4,,0,5,0,8,2,2,1
2020-08-21,770,10,861,127,1758,584,296,21,352,71,22,304,342,185,95,23,376,213,112,427,56,49,11,28,46,0,17,3,35,161,6,12,51,3,9,3,28,1,6,3,1,16,20,1,8,2,9,27,22,0,3,5,1,5,2,3,1,0,3,5,,0,5,0,8,2,2,1
2020-08-22,770,10,861,127,1758,584,296,21,352,71,22,306,342,186,95,23,377,213,114,428,56,49,11,29,46,0,17,3,35,161,6,13,51,3,9,3,28,1,6,3,1,17,20,1,8,2,9,27,24,0,3,5,1,5,2,3,1,1,4,5,,0,5,0,8,2,2,1
2020-08-23,770,10,861,127,1758,584,296,21,352,71,22,306,342,186,95,23,377,213,114,428,56,49,11,29,46,0,17,3,35,161,6,13,51,3,9,3,28,1,6,3,1,17,20,1,8,2,9,27,24,0,3,5,1,5,2,3,1,1,4,5,,0,5,0,8,2,2,1
2020-08-24,769,10,861,127,1758,584,296,21,351,72,22,306,342,186,95,23,377,213,114,428,56,49,11,29,46,0,17,3,35,161,6,13,51,3,9,3,28,1,6,3,1,17,20,1,8,2,9,27,24,0,3,5,1,5,2,3,1,1,4,5,,0,5,0,8,2,2,1
2020-08-25,769,10,862,127,1759,585,297,21,352,72,24,309,342,187,96,23,378,213,116,428,56,49,11,30,46,0,17,4,35,161,6,13,51,3,9,3,28,1,6,3,1,17,20,1,9,2,9,27,30,0,3,5,1,5,2,3,1,1,4,5,,0,5,0,8,2,2,1
2020-08-26,771,10,862,127,1762,585,298,21,354,72,24,317,342,187,96,23,378,213,116,429,57,49,11,30,46,0,18,4,35,161,6,13,51,3,9,3,28,1,6,3,1,18,22,1,10,2,10,27,31,0,3,5,1,5,2,3,1,1,4,5,,0,5,0,8,2,2,1
2020-08-27,772,10,861,127,1765,585,299,21,355,72,25,318,342,187,96,23,379,213,117,429,57,49,11,30,46,0,18,4,35,161,6,13,51,4,9,3,28,1,6,3,1,18,22,1,11,2,10,27,31,0,3,5,1,5,2,3,1,1,4,5,,0,5,0,8,2,2,1
2020-08-28,773,10,861,127,1766,585,300,21,356,72,26,325,343,188,96,23,381,213,118,429,57,49,11,30,46,0,18,4,35,163,6,13,51,4,9,3,28,1,6,3,1,18,22,1,11,2,10,27,32,0,3,5,1,5,2,3,1,1,4,5,,0,5,0,8,2,2,1
2020-08-29,773,10,861,127,1767,586,300,21,356,72,27,330,343,188,96,23,379,213,122,432,57,49,11,32,46,0,18,5,35,163,6,13,51,4,9,3,28,1,6,3,1,18,22,1,11,2,10,27,34,0,3,5,1,5,2,3,1,1,4,5,,0,5,0,8,2,2,1
2020-08-30,773,10,861,127,1767,586,300,21,356,72,27,330,343,188,96,23,380,213,122,432,57,49,11,33,46,0,18,5,35,163,6,13,51,4,9,3,28,1,6,3,1,18,22,1,11,2,10,27,34,0,3,5,1,5,2,3,1,1,4,5,,0,5,0,8,2,2,1
2020-08-31,773,10,861,127,1767,586,300,21,357,72,27,330,343,188,96,23,380,213,122,432,57,49,11,33,46,0,18,5,35,163,6,13,51,4,9,3,28,1,6,3,1,18,22,1,11,2,10,27,34,0,3,5,1,5,2,3,1,1,4,5,,0,5,0,8,2,2,1
2020-09-01,773,10,863,127,1768,586,301,21,357,72,27,334,343,188,96,23,382,214,123,432,57,49,11,35,47,0,18,5,35,163,6,13,51,5,9,3,28,1,6,3,1,18,23,1,11,2,10,27,35,0,3,5,2,5,2,3,1,1,6,5,,0,5,0,8,2,2,1
2020-09-02,774,10,863,129,1769,587,301,21,358,72,27,343,344,188,98,23,382,214,127,434,57,49,11,35,47,0,19,5,35,165,6,13,51,5,10,3,28,1,6,3,1,18,23,1,11,2,10,27,35,0,3,5,2,5,2,3,1,1,6,5,,0,5,0,8,2,2,1
2020-09-03,774,10,863,129,1771,588,301,21,358,72,28,344,344,188,99,23,382,214,127,435,57,49,11,35,47,0,19,5,35,165,6,13,51,6,10,3,28,1,6,3,1,18,23,1,12,2,10,27,38,0,3,5,2,5,3,3,1,1,6,5,,0,5,0,8,2,2,1
2020-09-04,777,10,863,129,1771,589,301,21,359,72,28,349,345,188,99,23,382,214,127,438,57,49,11,36,47,0,19,5,35,165,6,13,51,6,10,3,28,1,6,3,1,19,23,1,12,2,10,27,38,0,3,5,2,5,3,3,1,1,6,5,,0,5,0,8,2,2,1
2020-09-05,777,10,863,129,1773,589,301,21,359,72,28,349,345,189,102,23,383,214,130,439,57,49,11,36,47,0,19,5,35,165,6,13,51,6,12,3,28,1,6,3,1,20,23,1,12,2,10,28,39,0,3,5,2,5,3,3,1,1,6,5,,0,5,0,8,2,2,1
2020-09-06,777,10,863,129,1773,589,301,21,359,72,28,349,345,189,102,23,383,214,130,439,57,49,11,36,47,0,19,5,35,165,6,13,51,6,12,3,28,1,6,3,1,20,23,1,12,2,10,28,39,0,3,5,2,5,3,3,1,1,6,5,,0,5,0,8,2,2,1
2020-09-07,777,10,863,129,1776,590,301,21,359,73,28,349,345,189,102,24,385,214,132,441,57,49,11,36,47,0,19,5,35,166,6,13,51,6,12,3,28,1,6,3,1,21,23,1,13,2,11,28,39,0,3,5,2,6,3,3,1,1,6,5,,0,5,0,8,2,2,2
2020-09-08,778,10,864,129,1779,590,302,21,360,73,28,349,345,189,102,24,385,214,132,441,57,49,11,36,47,0,19,5,35,166,6,13,51,6,12,3,28,1,6,3,1,21,23,1,13,2,11,28,39,0,3,5,2,6,3,3,1,1,6,5,,0,5,0,8,2,2,2
2020-09-09,778,10,864,129,1779,591,302,21,361,73,28,358,345,189,105,24,385,214,131,442,57,49,11,36,48,0,21,5,35,166,7,13,51,6,12,3,28,1,6,3,1,21,23,1,13,2,11,28,40,0,3,5,2,6,3,3,1,1,6,6,,0,5,0,8,2,2,2
2020-09-10,778,10,865,129,1781,592,302,21,361,73,28,358,345,189,106,24,385,214,132,443,57,49,11,37,49,0,21,5,35,167,7,13,51,6,12,3,28,1,6,3,1,21,23,1,13,2,11,28,41,0,3,6,2,6,3,3,1,1,6,6,,0,5,0,8,2,2,2
2020-09-11,780,10,867,129,1784,594,302,21,362,73,28,361,345,189,106,24,385,214,132,445,57,49,11,37,49,0,21,5,35,169,7,13,51,6,13,3,28,1,6,3,1,21,23,1,13,2,11,28,43,0,3,6,2,6,3,3,1,1,6,6,,0,5,0,8,2,2,2
2020-09-12,780,10,867,129,1784,594,302,21,362,73,28,362,345,189,106,24,385,214,132,445,57,49,11,37,49,0,21,5,35,169,7,13,51,6,13,3,28,1,6,3,1,21,23,1,13,2,11,28,43,0,3,6,2,6,3,3,1,1,6,6,,0,5,0,8,2,2,2
2020-09-13,780,10,867,129,1784,594,302,21,362,73,28,362,345,189,106,24,385,214,132,445,57,49,11,37,49,0,21,5,35,169,7,13,51,6,13,3,28,1,6,3,1,21,23,1,13,2,11,28,43,0,3,6,2,6,3,3,1,1,6,6,,0,5,0,8,2,2,2
2020-09-14,780,10,868,129,1790,595,304,21,362,73,28,362,345,189,109,25,386,215,134,447,58,49,11,37,49,0,21,5,35,169,7,13,52,7,13,3,28,1,6,3,1,21,23,1,13,3,11,28,44,0,3,6,2,6,3,3,1,1,6,6,,0,5,0,8,2,2,2
2020-09-15,780,10,868,129,1792,596,304,21,362,73,28,363,345,189,110,25,386,215,134,447,58,49,11,37,49,0,21,5,35,169,7,13,52,7,13,3,28,1,6,3,1,21,23,1,13,3,11,28,44,0,3,6,2,6,3,3,1,1,6,6,,0,5,0,8,2,2,2
2020-09-16,780,10,869,129,1797,596,304,21,362,73,28,363,345,189,110,25,386,215,135,449,58,49,11,37,49,0,22,5,35,170,7,13,52,7,15,3,28,1,7,3,1,22,23,1,13,3,12,28,46,0,3,6,2,6,3,3,1,1,6,6,,0,5,0,8,2,2,2
2020-09-17,784,10,869,129,1798,597,304,21,362,74,28,366,345,189,111,25,387,215,136,449,58,50,11,37,49,0,22,5,35,170,7,13,52,7,15,3,28,1,7,3,1,22,23,1,13,3,12,28,46,0,3,6,2,6,3,3,2,1,6,6,,0,5,0,8,2,2,2
2020-09-18,787,10,869,129,1803,598,304,21,364,75,29,370,346,189,112,25,387,215,138,451,58,50,11,37,49,0,22,5,35,171,7,13,52,7,16,3,28,1,7,3,1,22,23,1,15,3,12,28,47,0,3,6,2,6,3,3,2,1,6,6,,0,5,0,8,2,2,2
2020-09-19,787,10,870,129,1805,598,304,21,364,75,29,373,346,189,116,25,387,215,141,453,59,50,11,37,49,0,22,5,35,173,7,14,52,7,17,3,28,2,7,3,1,22,23,1,15,3,12,28,48,0,3,6,2,6,3,3,2,1,6,6,,0,5,0,8,2,2,2
2020-09-20,787,10,874,129,1809,600,304,22,364,75,29,373,349,189,116,25,388,216,142,455,59,50,11,37,49,0,22,5,35,174,7,14,52,7,17,3,28,2,7,3,1,22,23,1,15,3,12,28,49,0,3,6,2,6,3,3,2,1,6,6,,0,5,0,8,2,2,2
2020-09-21,787,10,874,130,1809,603,305,22,366,75,29,373,350,189,118,25,391,216,142,455,59,51,11,48,50,0,22,5,35,175,7,14,52,7,17,3,28,2,7,3,1,22,24,1,16,3,12,28,48,0,3,6,2,6,4,3,2,1,6,6,,0,6,0,8,2,2,3
2020-09-22,791,10,876,131,1812,606,305,22,366,75,29,373,350,189,118,25,391,216,143,457,59,52,11,48,50,0,22,5,35,176,7,14,52,7,17,3,28,2,7,3,1,23,24,1,16,3,12,28,48,0,3,6,2,6,4,3,2,1,6,6,,0,6,0,8,2,2,3
2020-09-23,792,10,878,132,1817,607,305,22,367,76,29,376,352,189,120,25,393,216,149,458,59,52,11,48,50,0,23,5,35,179,7,16,52,7,18,3,28,2,7,3,1,23,25,1,16,3,12,28,50,0,3,6,2,6,4,3,2,1,6,6,,0,6,0,8,2,2,3
2020-09-24,792,10,878,133,1818,607,305,22,366,77,29,376,353,189,122,26,393,217,152,458,59,52,11,48,50,0,23,5,35,180,7,16,52,7,18,3,28,3,7,3,1,23,25,1,16,3,12,28,51,0,3,6,2,6,4,3,2,1,6,6,,0,6,0,8,2,2,3
2020-09-25,793,10,878,133,1818,607,305,22,367,77,29,380,353,189,122,26,393,217,153,458,59,52,11,48,50,0,23,5,35,180,7,16,52,7,18,3,28,3,7,3,1,23,25,1,16,3,12,28,51,0,3,6,2,6,4,3,2,1,6,6,,0,6,0,8,2,2,3
2020-09-26,793,10,878,133,1821,607,305,22,367,77,30,380,353,189,122,26,393,217,156,458,59,54,11,48,50,0,25,5,35,181,7,17,52,7,18,3,28,5,7,3,1,23,25,1,18,3,12,28,54,0,3,6,2,6,4,3,2,1,6,6,,0,6,0,8,2,2,3
2020-09-27,793,10,878,133,1821,607,305,22,367,77,30,380,353,190,122,26,393,217,156,458,59,54,11,48,50,0,25,5,35,181,7,17,52,7,18,3,28,6,7,3,1,23,25,1,18,3,12,28,55,0,3,6,2,6,4,3,2,1,6,6,,0,6,0,8,2,2,3
2020-09-28,793,10,878,133,1821,607,305,22,367,77,30,380,353,190,122,26,393,217,156,458,59,55,11,48,50,0,25,5,35,181,7,17,52,7,18,3,28,6,7,3,1,23,25,1,18,3,12,28,55,0,3,6,2,6,4,3,2,1,6,6,,0,6,0,8,2,2,3
2020-09-29,795,10,878,133,1824,607,305,22,367,77,30,380,353,190,122,26,394,217,158,459,59,56,11,48,50,0,25,5,35,181,7,18,52,7,18,4,28,6,7,3,1,23,25,1,18,3,12,28,57,0,3,6,2,6,5,3,2,1,6,6,,0,6,0,8,2,2,3
2020-09-30,796,10,878,133,1826,607,305,22,369,77,30,382,353,190,122,26,395,217,159,459,59,56,11,48,50,0,25,5,35,181,7,20,52,7,18,5,28,6,7,3,1,23,26,1,18,3,12,28,63,0,3,6,2,6,6,3,2,1,6,6,,0,6,0,8,2,2,3
2020-10-01,796,10,881,134,1832,610,305,22,369,77,30,382,353,190,123,26,395,217,159,459,60,56,11,48,51,0,25,5,35,181,7,20,53,7,18,5,28,6,7,3,1,23,26,1,18,3,12,28,63,0,3,6,2,6,7,3,2,1,6,6,,0,6,0,8,2,2,3
2020-10-02,796,10,881,134,1835,611,305,22,369,77,30,386,354,190,125,26,396,217,161,459,60,56,11,48,51,0,25,5,35,182,7,20,55,7,18,5,28,6,7,3,1,23,26,1,18,3,12,28,65,0,3,6,2,6,8,3,2,1,6,6,,0,6,0,8,2,2,3
