,Unknown
2020-03-13,0
2020-03-14,0
2020-03-15,0
2020-03-16,0
2020-03-17,0
2020-03-18,0
2020-03-19,0
2020-03-20,0
2020-03-21,1
2020-03-22,1
2020-03-23,2
2020-03-24,2
2020-03-25,2
2020-03-26,2
2020-03-27,3
2020-03-28,3
2020-03-29,5
2020-03-30,6
2020-03-31,8
2020-04-01,11
2020-04-02,12
2020-04-03,15
2020-04-04,18
2020-04-05,20
2020-04-06,21
2020-04-07,23
2020-04-08,24
2020-04-09,33
2020-04-10,39
2020-04-11,42
2020-04-12,44
2020-04-13,45
2020-04-14,45
2020-04-15,51
2020-04-16,56
2020-04-17,58
2020-04-18,60
2020-04-19,41
2020-04-20,42
2020-04-21,43
2020-04-22,46
2020-04-23,46
2020-04-24,51
2020-04-25,52
2020-04-26,53
2020-04-27,53
2020-04-28,54
2020-04-29,54
2020-04-30,54
2020-05-01,54
2020-05-02,54
